--
-- PostgreSQL database dump
--

\restrict 3aegjm0J5UmRTmoX2JBstlkcN9En8pIaYcozNoJrbQaHCx1QuuqbPMZMHFyBq30

-- Dumped from database version 15.17 (Debian 15.17-1.pgdg13+1)
-- Dumped by pg_dump version 15.17 (Debian 15.17-1.pgdg13+1)

SET statement_timeout = 0;
SET lock_timeout = 0;
SET idle_in_transaction_session_timeout = 0;
SET client_encoding = 'UTF8';
SET standard_conforming_strings = on;
SELECT pg_catalog.set_config('search_path', '', false);
SET check_function_bodies = false;
SET xmloption = content;
SET client_min_messages = warning;
SET row_security = off;

--
-- Name: public; Type: SCHEMA; Schema: -; Owner: -
--

-- *not* creating schema, since initdb creates it


--
-- Name: SCHEMA public; Type: COMMENT; Schema: -; Owner: -
--

COMMENT ON SCHEMA public IS '';


SET default_tablespace = '';

SET default_table_access_method = heap;

--
-- Name: api_address; Type: TABLE; Schema: public; Owner: -
--

CREATE TABLE public.api_address (
    id bigint NOT NULL,
    street_address character varying(255) NOT NULL,
    apartment character varying(100),
    city character varying(100) NOT NULL,
    state_province character varying(100) NOT NULL,
    postal_code character varying(20) NOT NULL,
    country character varying(100) NOT NULL,
    is_default boolean NOT NULL,
    user_id bigint NOT NULL
);


--
-- Name: api_address_id_seq; Type: SEQUENCE; Schema: public; Owner: -
--

ALTER TABLE public.api_address ALTER COLUMN id ADD GENERATED BY DEFAULT AS IDENTITY (
    SEQUENCE NAME public.api_address_id_seq
    START WITH 1
    INCREMENT BY 1
    NO MINVALUE
    NO MAXVALUE
    CACHE 1
);


--
-- Name: api_cart; Type: TABLE; Schema: public; Owner: -
--

CREATE TABLE public.api_cart (
    id bigint NOT NULL,
    quantity integer NOT NULL,
    created_at timestamp with time zone NOT NULL,
    updated_at timestamp with time zone NOT NULL,
    user_id bigint NOT NULL,
    variant_id bigint NOT NULL,
    size_id bigint,
    checked boolean NOT NULL
);


--
-- Name: api_cart_id_seq; Type: SEQUENCE; Schema: public; Owner: -
--

ALTER TABLE public.api_cart ALTER COLUMN id ADD GENERATED BY DEFAULT AS IDENTITY (
    SEQUENCE NAME public.api_cart_id_seq
    START WITH 1
    INCREMENT BY 1
    NO MINVALUE
    NO MAXVALUE
    CACHE 1
);


--
-- Name: api_category; Type: TABLE; Schema: public; Owner: -
--

CREATE TABLE public.api_category (
    id bigint NOT NULL,
    title character varying(255) NOT NULL,
    img character varying(100) NOT NULL,
    short_desc text,
    long_desc text,
    slug character varying(255) NOT NULL
);


--
-- Name: api_category_id_seq; Type: SEQUENCE; Schema: public; Owner: -
--

ALTER TABLE public.api_category ALTER COLUMN id ADD GENERATED BY DEFAULT AS IDENTITY (
    SEQUENCE NAME public.api_category_id_seq
    START WITH 1
    INCREMENT BY 1
    NO MINVALUE
    NO MAXVALUE
    CACHE 1
);


--
-- Name: api_order; Type: TABLE; Schema: public; Owner: -
--

CREATE TABLE public.api_order (
    id bigint NOT NULL,
    created_at timestamp with time zone NOT NULL,
    updated_at timestamp with time zone NOT NULL,
    total_price numeric(10,2) NOT NULL,
    status character varying(50) NOT NULL,
    user_id bigint NOT NULL,
    is_paid boolean NOT NULL,
    stripe_payment_intent_id character varying(255)
);


--
-- Name: api_order_id_seq; Type: SEQUENCE; Schema: public; Owner: -
--

ALTER TABLE public.api_order ALTER COLUMN id ADD GENERATED BY DEFAULT AS IDENTITY (
    SEQUENCE NAME public.api_order_id_seq
    START WITH 1
    INCREMENT BY 1
    NO MINVALUE
    NO MAXVALUE
    CACHE 1
);


--
-- Name: api_orderitem; Type: TABLE; Schema: public; Owner: -
--

CREATE TABLE public.api_orderitem (
    id bigint NOT NULL,
    quantity integer NOT NULL,
    added_at timestamp with time zone NOT NULL,
    updated_at timestamp with time zone NOT NULL,
    order_id bigint NOT NULL,
    variant_id bigint NOT NULL,
    size_id bigint,
    price numeric(10,2) NOT NULL
);


--
-- Name: api_orderitem_id_seq; Type: SEQUENCE; Schema: public; Owner: -
--

ALTER TABLE public.api_orderitem ALTER COLUMN id ADD GENERATED BY DEFAULT AS IDENTITY (
    SEQUENCE NAME public.api_orderitem_id_seq
    START WITH 1
    INCREMENT BY 1
    NO MINVALUE
    NO MAXVALUE
    CACHE 1
);


--
-- Name: api_product; Type: TABLE; Schema: public; Owner: -
--

CREATE TABLE public.api_product (
    id bigint NOT NULL,
    title character varying(255) NOT NULL,
    short_desc text,
    long_desc text,
    gender character varying(50) NOT NULL,
    category_id bigint NOT NULL,
    "subCategory_id" bigint
);


--
-- Name: api_product_id_seq; Type: SEQUENCE; Schema: public; Owner: -
--

ALTER TABLE public.api_product ALTER COLUMN id ADD GENERATED BY DEFAULT AS IDENTITY (
    SEQUENCE NAME public.api_product_id_seq
    START WITH 1
    INCREMENT BY 1
    NO MINVALUE
    NO MAXVALUE
    CACHE 1
);


--
-- Name: api_productimage; Type: TABLE; Schema: public; Owner: -
--

CREATE TABLE public.api_productimage (
    id bigint NOT NULL,
    color character varying(50) NOT NULL,
    "mainImage" boolean NOT NULL,
    image character varying(100) NOT NULL,
    product_id bigint NOT NULL,
    variant_id bigint
);


--
-- Name: api_productimage_id_seq; Type: SEQUENCE; Schema: public; Owner: -
--

ALTER TABLE public.api_productimage ALTER COLUMN id ADD GENERATED BY DEFAULT AS IDENTITY (
    SEQUENCE NAME public.api_productimage_id_seq
    START WITH 1
    INCREMENT BY 1
    NO MINVALUE
    NO MAXVALUE
    CACHE 1
);


--
-- Name: api_productvariant; Type: TABLE; Schema: public; Owner: -
--

CREATE TABLE public.api_productvariant (
    id bigint NOT NULL,
    color character varying(50) NOT NULL,
    price numeric(10,2) NOT NULL,
    stock integer NOT NULL,
    discount integer NOT NULL,
    product_id bigint NOT NULL
);


--
-- Name: api_productvariant_id_seq; Type: SEQUENCE; Schema: public; Owner: -
--

ALTER TABLE public.api_productvariant ALTER COLUMN id ADD GENERATED BY DEFAULT AS IDENTITY (
    SEQUENCE NAME public.api_productvariant_id_seq
    START WITH 1
    INCREMENT BY 1
    NO MINVALUE
    NO MAXVALUE
    CACHE 1
);


--
-- Name: api_productvariantsize; Type: TABLE; Schema: public; Owner: -
--

CREATE TABLE public.api_productvariantsize (
    id bigint NOT NULL,
    size character varying(50) NOT NULL,
    variant_id bigint
);


--
-- Name: api_productvariantsize_id_seq; Type: SEQUENCE; Schema: public; Owner: -
--

ALTER TABLE public.api_productvariantsize ALTER COLUMN id ADD GENERATED BY DEFAULT AS IDENTITY (
    SEQUENCE NAME public.api_productvariantsize_id_seq
    START WITH 1
    INCREMENT BY 1
    NO MINVALUE
    NO MAXVALUE
    CACHE 1
);


--
-- Name: api_rating; Type: TABLE; Schema: public; Owner: -
--

CREATE TABLE public.api_rating (
    id bigint NOT NULL,
    created_at timestamp with time zone NOT NULL,
    updated_at timestamp with time zone NOT NULL,
    stars integer NOT NULL,
    comment text,
    product_id bigint NOT NULL,
    user_id bigint NOT NULL
);


--
-- Name: api_rating_id_seq; Type: SEQUENCE; Schema: public; Owner: -
--

ALTER TABLE public.api_rating ALTER COLUMN id ADD GENERATED BY DEFAULT AS IDENTITY (
    SEQUENCE NAME public.api_rating_id_seq
    START WITH 1
    INCREMENT BY 1
    NO MINVALUE
    NO MAXVALUE
    CACHE 1
);


--
-- Name: api_subcategory; Type: TABLE; Schema: public; Owner: -
--

CREATE TABLE public.api_subcategory (
    id bigint NOT NULL,
    title character varying(255) NOT NULL,
    short_desc text,
    long_desc text,
    category_id bigint NOT NULL
);


--
-- Name: api_subcategory_id_seq; Type: SEQUENCE; Schema: public; Owner: -
--

ALTER TABLE public.api_subcategory ALTER COLUMN id ADD GENERATED BY DEFAULT AS IDENTITY (
    SEQUENCE NAME public.api_subcategory_id_seq
    START WITH 1
    INCREMENT BY 1
    NO MINVALUE
    NO MAXVALUE
    CACHE 1
);


--
-- Name: api_user; Type: TABLE; Schema: public; Owner: -
--

CREATE TABLE public.api_user (
    id bigint NOT NULL,
    password character varying(128) NOT NULL,
    last_login timestamp with time zone,
    is_superuser boolean NOT NULL,
    username character varying(150) NOT NULL,
    first_name character varying(150) NOT NULL,
    last_name character varying(150) NOT NULL,
    email character varying(254) NOT NULL,
    is_staff boolean NOT NULL,
    is_active boolean NOT NULL,
    date_joined timestamp with time zone NOT NULL,
    email_verification_token uuid,
    email_verification_sent_at timestamp with time zone,
    newsletter_subscription boolean NOT NULL,
    phone_number character varying(20),
    role character varying(20) NOT NULL
);


--
-- Name: api_user_groups; Type: TABLE; Schema: public; Owner: -
--

CREATE TABLE public.api_user_groups (
    id bigint NOT NULL,
    user_id bigint NOT NULL,
    group_id integer NOT NULL
);


--
-- Name: api_user_groups_id_seq; Type: SEQUENCE; Schema: public; Owner: -
--

ALTER TABLE public.api_user_groups ALTER COLUMN id ADD GENERATED BY DEFAULT AS IDENTITY (
    SEQUENCE NAME public.api_user_groups_id_seq
    START WITH 1
    INCREMENT BY 1
    NO MINVALUE
    NO MAXVALUE
    CACHE 1
);


--
-- Name: api_user_id_seq; Type: SEQUENCE; Schema: public; Owner: -
--

ALTER TABLE public.api_user ALTER COLUMN id ADD GENERATED BY DEFAULT AS IDENTITY (
    SEQUENCE NAME public.api_user_id_seq
    START WITH 1
    INCREMENT BY 1
    NO MINVALUE
    NO MAXVALUE
    CACHE 1
);


--
-- Name: api_user_user_permissions; Type: TABLE; Schema: public; Owner: -
--

CREATE TABLE public.api_user_user_permissions (
    id bigint NOT NULL,
    user_id bigint NOT NULL,
    permission_id integer NOT NULL
);


--
-- Name: api_user_user_permissions_id_seq; Type: SEQUENCE; Schema: public; Owner: -
--

ALTER TABLE public.api_user_user_permissions ALTER COLUMN id ADD GENERATED BY DEFAULT AS IDENTITY (
    SEQUENCE NAME public.api_user_user_permissions_id_seq
    START WITH 1
    INCREMENT BY 1
    NO MINVALUE
    NO MAXVALUE
    CACHE 1
);


--
-- Name: api_wishlist; Type: TABLE; Schema: public; Owner: -
--

CREATE TABLE public.api_wishlist (
    id bigint NOT NULL,
    created_at timestamp with time zone NOT NULL,
    updated_at timestamp with time zone NOT NULL,
    size_id bigint,
    user_id bigint NOT NULL,
    variant_id bigint
);


--
-- Name: api_wishlist_id_seq; Type: SEQUENCE; Schema: public; Owner: -
--

ALTER TABLE public.api_wishlist ALTER COLUMN id ADD GENERATED BY DEFAULT AS IDENTITY (
    SEQUENCE NAME public.api_wishlist_id_seq
    START WITH 1
    INCREMENT BY 1
    NO MINVALUE
    NO MAXVALUE
    CACHE 1
);


--
-- Name: auth_group; Type: TABLE; Schema: public; Owner: -
--

CREATE TABLE public.auth_group (
    id integer NOT NULL,
    name character varying(150) NOT NULL
);


--
-- Name: auth_group_id_seq; Type: SEQUENCE; Schema: public; Owner: -
--

ALTER TABLE public.auth_group ALTER COLUMN id ADD GENERATED BY DEFAULT AS IDENTITY (
    SEQUENCE NAME public.auth_group_id_seq
    START WITH 1
    INCREMENT BY 1
    NO MINVALUE
    NO MAXVALUE
    CACHE 1
);


--
-- Name: auth_group_permissions; Type: TABLE; Schema: public; Owner: -
--

CREATE TABLE public.auth_group_permissions (
    id bigint NOT NULL,
    group_id integer NOT NULL,
    permission_id integer NOT NULL
);


--
-- Name: auth_group_permissions_id_seq; Type: SEQUENCE; Schema: public; Owner: -
--

ALTER TABLE public.auth_group_permissions ALTER COLUMN id ADD GENERATED BY DEFAULT AS IDENTITY (
    SEQUENCE NAME public.auth_group_permissions_id_seq
    START WITH 1
    INCREMENT BY 1
    NO MINVALUE
    NO MAXVALUE
    CACHE 1
);


--
-- Name: auth_permission; Type: TABLE; Schema: public; Owner: -
--

CREATE TABLE public.auth_permission (
    id integer NOT NULL,
    name character varying(255) NOT NULL,
    content_type_id integer NOT NULL,
    codename character varying(100) NOT NULL
);


--
-- Name: auth_permission_id_seq; Type: SEQUENCE; Schema: public; Owner: -
--

ALTER TABLE public.auth_permission ALTER COLUMN id ADD GENERATED BY DEFAULT AS IDENTITY (
    SEQUENCE NAME public.auth_permission_id_seq
    START WITH 1
    INCREMENT BY 1
    NO MINVALUE
    NO MAXVALUE
    CACHE 1
);


--
-- Name: authtoken_token; Type: TABLE; Schema: public; Owner: -
--

CREATE TABLE public.authtoken_token (
    key character varying(40) NOT NULL,
    created timestamp with time zone NOT NULL,
    user_id bigint NOT NULL
);


--
-- Name: django_admin_log; Type: TABLE; Schema: public; Owner: -
--

CREATE TABLE public.django_admin_log (
    id integer NOT NULL,
    action_time timestamp with time zone NOT NULL,
    object_id text,
    object_repr character varying(200) NOT NULL,
    action_flag smallint NOT NULL,
    change_message text NOT NULL,
    content_type_id integer,
    user_id bigint NOT NULL,
    CONSTRAINT django_admin_log_action_flag_check CHECK ((action_flag >= 0))
);


--
-- Name: django_admin_log_id_seq; Type: SEQUENCE; Schema: public; Owner: -
--

ALTER TABLE public.django_admin_log ALTER COLUMN id ADD GENERATED BY DEFAULT AS IDENTITY (
    SEQUENCE NAME public.django_admin_log_id_seq
    START WITH 1
    INCREMENT BY 1
    NO MINVALUE
    NO MAXVALUE
    CACHE 1
);


--
-- Name: django_content_type; Type: TABLE; Schema: public; Owner: -
--

CREATE TABLE public.django_content_type (
    id integer NOT NULL,
    app_label character varying(100) NOT NULL,
    model character varying(100) NOT NULL
);


--
-- Name: django_content_type_id_seq; Type: SEQUENCE; Schema: public; Owner: -
--

ALTER TABLE public.django_content_type ALTER COLUMN id ADD GENERATED BY DEFAULT AS IDENTITY (
    SEQUENCE NAME public.django_content_type_id_seq
    START WITH 1
    INCREMENT BY 1
    NO MINVALUE
    NO MAXVALUE
    CACHE 1
);


--
-- Name: django_migrations; Type: TABLE; Schema: public; Owner: -
--

CREATE TABLE public.django_migrations (
    id bigint NOT NULL,
    app character varying(255) NOT NULL,
    name character varying(255) NOT NULL,
    applied timestamp with time zone NOT NULL
);


--
-- Name: django_migrations_id_seq; Type: SEQUENCE; Schema: public; Owner: -
--

ALTER TABLE public.django_migrations ALTER COLUMN id ADD GENERATED BY DEFAULT AS IDENTITY (
    SEQUENCE NAME public.django_migrations_id_seq
    START WITH 1
    INCREMENT BY 1
    NO MINVALUE
    NO MAXVALUE
    CACHE 1
);


--
-- Name: django_session; Type: TABLE; Schema: public; Owner: -
--

CREATE TABLE public.django_session (
    session_key character varying(40) NOT NULL,
    session_data text NOT NULL,
    expire_date timestamp with time zone NOT NULL
);


--
-- Data for Name: api_address; Type: TABLE DATA; Schema: public; Owner: -
--

COPY public.api_address (id, street_address, apartment, city, state_province, postal_code, country, is_default, user_id) FROM stdin;
1	4061 Rue Joliette	1	Montréal	Quebec	H1X 3H8	Canada	t	1
\.


--
-- Data for Name: api_cart; Type: TABLE DATA; Schema: public; Owner: -
--

COPY public.api_cart (id, quantity, created_at, updated_at, user_id, variant_id, size_id, checked) FROM stdin;
28	1	2026-03-28 02:55:16.03678+00	2026-03-28 02:55:16.036819+00	1	7	55	t
24	15	2026-01-21 02:21:37.18553+00	2026-03-28 02:57:33.093184+00	1	19	114	f
26	1	2026-01-21 03:56:42.096389+00	2026-03-28 02:58:25.533716+00	1	6	49	f
27	1	2026-01-22 23:27:11.151917+00	2026-03-28 02:58:43.113229+00	1	7	54	t
25	3	2026-01-21 02:21:45.558776+00	2026-03-28 01:29:15.533124+00	1	4	7	f
\.


--
-- Data for Name: api_category; Type: TABLE DATA; Schema: public; Owner: -
--

COPY public.api_category (id, title, img, short_desc, long_desc, slug) FROM stdin;
3	Children's wear	categories/children-casual-wear.jpg	Make your little kings and queens look good		kids-wear
1	Men's wear	categories/mens-casual-wear.jpg	Gentlemen's style	Find what gentlement put on	men-wear
2	Women's wear	categories/womens-casual-wear.jpg	For stylish ladies only	Be the most elegant version of yourself	women-wear
\.


--
-- Data for Name: api_order; Type: TABLE DATA; Schema: public; Owner: -
--

COPY public.api_order (id, created_at, updated_at, total_price, status, user_id, is_paid, stripe_payment_intent_id) FROM stdin;
5	2026-01-07 16:42:40.376899+00	2026-01-07 16:42:40.376945+00	0.00	pending	1	f	\N
6	2026-01-07 16:43:55.287124+00	2026-01-07 16:43:55.287152+00	0.00	pending	1	f	\N
7	2026-01-07 17:05:02.657586+00	2026-01-07 17:05:02.657626+00	0.00	pending	1	f	\N
8	2026-01-07 17:06:24.824245+00	2026-01-07 17:06:24.836284+00	3.97	pending	1	f	\N
9	2026-01-09 00:57:57.843796+00	2026-01-09 00:57:57.859785+00	3.97	pending	1	f	\N
10	2026-01-17 03:30:44.436493+00	2026-01-17 03:30:44.452275+00	2.98	pending	1	f	\N
11	2026-01-17 03:47:09.706102+00	2026-01-17 03:47:09.716796+00	2.98	pending	1	f	\N
12	2026-01-17 04:34:20.405036+00	2026-01-17 04:34:21.074774+00	2.98	completed	1	t	\N
13	2026-01-17 04:46:48.666065+00	2026-01-17 04:46:49.288512+00	2.98	completed	1	t	\N
36	2026-03-28 01:29:24.234906+00	2026-03-28 01:29:25.042569+00	115.00	processing	1	t	cs_test_a16E2MZetbT13wAyVnoaQcy2Rmx5KYsSBcuRH16Do92C8bjX6qyT5PgDG3
14	2026-01-18 13:20:30.465209+00	2026-01-18 13:20:31.101676+00	2.98	completed	1	t	\N
15	2026-01-20 17:48:07.266946+00	2026-01-21 02:12:12.358785+00	2.98	processing	1	t	\N
37	2026-03-28 01:41:58.289945+00	2026-03-28 01:41:58.937068+00	18.63	processing	1	t	cs_test_a1tRKZ6euSbuwWbN8UB3feFB07AyEqOq99j8lBHKddj3nQ0HXFpTcscHbJ
16	2026-01-21 02:15:31.110433+00	2026-01-21 02:15:31.732288+00	3.97	completed	1	t	\N
17	2026-01-21 02:21:53.680186+00	2026-01-21 02:21:54.291782+00	235.50	completed	1	t	\N
18	2026-01-21 02:24:18.810387+00	2026-01-21 02:24:19.500229+00	235.50	completed	1	t	\N
38	2026-03-28 02:55:28.747135+00	2026-03-28 02:55:29.41025+00	123.63	processing	1	t	cs_test_b1ADjqZqA3AyvVxH3vmtNYrNP3RsjDaKgpekgClsftGF4fO0Tkz90Iwb1o
19	2026-01-21 02:25:41.450638+00	2026-01-21 02:25:42.035563+00	235.50	completed	1	t	\N
20	2026-01-21 02:27:46.487717+00	2026-01-21 02:27:47.07907+00	235.50	completed	1	t	\N
21	2026-01-21 02:29:49.769404+00	2026-01-21 02:29:50.462888+00	235.50	completed	1	t	\N
39	2026-03-28 02:57:36.340591+00	2026-03-28 02:57:37.004807+00	296.13	processing	1	t	cs_test_b1wmIz6TfKgWSPdWg4w9btQG688tkBWXvH6ZdeMGbNhtbdUj0hL2ZpG24C
22	2026-01-21 02:30:27.843555+00	2026-01-21 02:30:28.558102+00	235.50	completed	1	t	\N
23	2026-01-21 02:53:07.539201+00	2026-01-21 02:53:08.245727+00	235.50	completed	1	t	cs_test_b1yZIUvNxlg5FQ7t2yILBQixIXG6o6SoSEw4mRm9OuaTTuDj1Mbu2a4fVM
24	2026-01-21 02:53:19.741614+00	2026-01-21 02:53:20.329046+00	235.50	completed	1	t	cs_test_b1BKcq9LlaLyFgmP0ISjY0ZPdEQFGeQ7yZjV7M9YUmr3uaL1fMvHlmRfY8
25	2026-01-21 02:53:39.529096+00	2026-01-21 02:53:39.894468+00	235.50	completed	1	t	cs_test_b13xT920GgxpxbEHY7ZNr5nhpYDDw0Q30zN4zcEv9pDdtFuOqgtpGtyX53
26	2026-01-21 02:56:27.964301+00	2026-01-21 02:56:28.530281+00	235.50	processing	1	t	cs_test_b1R2EVGkpYExJiW47ahN1oaIO9SXhZllJNy1YdFcJPs425l8b1SPcnoHVF
27	2026-01-21 03:48:07.705396+00	2026-01-21 03:48:07.705417+00	0.00	pending	1	f	\N
28	2026-01-21 03:48:34.601643+00	2026-01-21 03:48:34.601656+00	0.00	pending	1	f	\N
29	2026-01-21 03:52:01.011549+00	2026-01-21 03:52:01.541471+00	270.25	processing	1	t	cs_test_a1sGnF1bsvdc1hCtpAByM8iT1bJ5Dvt5SJhsOfYRi0rSuJa6jHHcsa1a2h
30	2026-01-22 23:27:40.858894+00	2026-01-22 23:27:41.551861+00	983.25	processing	1	t	cs_test_b1xKDEtCVZl8z5n8RB9p90Hrfj71rljYAQZOeZEYQ4CsKDaUM07EKJhxUx
31	2026-02-12 04:14:58.265985+00	2026-02-12 04:14:58.918534+00	296.13	processing	1	t	cs_test_b1H9wyZAwBQglgWddFo6jbovQbgOD8Lj2XjMKWwLWKeOdnzmkZS8776Ll6
32	2026-03-07 21:27:10.901249+00	2026-03-07 21:27:10.916993+00	115.00	pending	1	f	\N
33	2026-03-07 21:27:37.064725+00	2026-03-07 21:27:37.07231+00	18.63	pending	1	f	\N
34	2026-03-07 21:28:05.016855+00	2026-03-07 21:28:05.022513+00	18.63	pending	1	f	\N
35	2026-03-07 21:28:50.377253+00	2026-03-07 21:28:51.267142+00	18.63	processing	1	t	cs_test_a1IfHKwHB6TfVIY5ozjWPLHxXlFj5bBEixhD9hH8DpkjMh90HoFbiwCfCX
\.


--
-- Data for Name: api_orderitem; Type: TABLE DATA; Schema: public; Owner: -
--

COPY public.api_orderitem (id, quantity, added_at, updated_at, order_id, variant_id, size_id, price) FROM stdin;
5	1	2026-01-07 17:06:24.829553+00	2026-01-07 17:06:24.829564+00	8	15	99	1.99
6	2	2026-01-07 17:06:24.834611+00	2026-01-07 17:06:24.834625+00	8	16	96	0.99
7	1	2026-01-09 00:57:57.854586+00	2026-01-09 00:57:57.854599+00	9	15	99	1.99
8	2	2026-01-09 00:57:57.858668+00	2026-01-09 00:57:57.858679+00	9	16	96	0.99
9	1	2026-01-17 03:30:44.446094+00	2026-01-17 03:30:44.446106+00	10	16	96	0.99
10	1	2026-01-17 03:30:44.451377+00	2026-01-17 03:30:44.451383+00	10	15	103	1.99
11	1	2026-01-17 03:47:09.711221+00	2026-01-17 03:47:09.711234+00	11	15	103	1.99
12	1	2026-01-17 03:47:09.715147+00	2026-01-17 03:47:09.715155+00	11	16	96	0.99
13	1	2026-01-17 04:34:20.411168+00	2026-01-17 04:34:20.411183+00	12	15	103	1.99
14	1	2026-01-17 04:34:20.414127+00	2026-01-17 04:34:20.414135+00	12	16	96	0.99
15	1	2026-01-17 04:46:48.672977+00	2026-01-17 04:46:48.672996+00	13	15	103	1.99
16	1	2026-01-17 04:46:48.677+00	2026-01-17 04:46:48.677009+00	13	16	96	0.99
17	1	2026-01-18 13:20:30.475333+00	2026-01-18 13:20:30.475368+00	14	16	96	0.99
18	1	2026-01-18 13:20:30.480259+00	2026-01-18 13:20:30.480268+00	14	15	103	1.99
19	1	2026-01-20 17:48:07.279592+00	2026-01-20 17:48:07.279608+00	15	16	96	0.99
20	1	2026-01-20 17:48:07.284948+00	2026-01-20 17:48:07.28496+00	15	15	103	1.99
21	2	2026-01-21 02:15:31.116834+00	2026-01-21 02:15:31.116843+00	16	16	96	0.99
22	1	2026-01-21 02:15:31.122515+00	2026-01-21 02:15:31.122529+00	16	15	103	1.99
23	1	2026-01-21 02:21:53.685121+00	2026-01-21 02:21:53.685132+00	17	19	114	0.50
24	1	2026-01-21 02:21:53.688477+00	2026-01-21 02:21:53.688485+00	17	4	7	235.00
25	1	2026-01-21 02:24:18.813691+00	2026-01-21 02:24:18.81371+00	18	19	114	0.50
26	1	2026-01-21 02:24:18.817229+00	2026-01-21 02:24:18.817239+00	18	4	7	235.00
27	1	2026-01-21 02:25:41.456649+00	2026-01-21 02:25:41.45666+00	19	19	114	0.50
28	1	2026-01-21 02:25:41.459793+00	2026-01-21 02:25:41.4598+00	19	4	7	235.00
29	1	2026-01-21 02:27:46.493455+00	2026-01-21 02:27:46.493468+00	20	19	114	0.50
30	1	2026-01-21 02:27:46.497579+00	2026-01-21 02:27:46.49759+00	20	4	7	235.00
31	1	2026-01-21 02:29:49.775414+00	2026-01-21 02:29:49.775427+00	21	19	114	0.50
32	1	2026-01-21 02:29:49.778424+00	2026-01-21 02:29:49.778431+00	21	4	7	235.00
33	1	2026-01-21 02:30:27.84893+00	2026-01-21 02:30:27.848941+00	22	19	114	0.50
34	1	2026-01-21 02:30:27.853296+00	2026-01-21 02:30:27.853306+00	22	4	7	235.00
35	1	2026-01-21 02:53:07.545663+00	2026-01-21 02:53:07.545684+00	23	19	114	0.50
36	1	2026-01-21 02:53:07.549648+00	2026-01-21 02:53:07.549657+00	23	4	7	235.00
37	1	2026-01-21 02:53:19.746077+00	2026-01-21 02:53:19.746091+00	24	19	114	0.50
38	1	2026-01-21 02:53:19.749663+00	2026-01-21 02:53:19.749676+00	24	4	7	235.00
39	1	2026-01-21 02:53:39.534731+00	2026-01-21 02:53:39.534749+00	25	19	114	0.50
40	1	2026-01-21 02:53:39.538827+00	2026-01-21 02:53:39.538839+00	25	4	7	235.00
41	1	2026-01-21 02:56:27.96859+00	2026-01-21 02:56:27.9686+00	26	19	114	0.50
42	1	2026-01-21 02:56:27.971272+00	2026-01-21 02:56:27.971279+00	26	4	7	235.00
43	1	2026-01-21 03:48:07.71039+00	2026-01-21 03:48:07.710408+00	27	19	114	0.50
44	1	2026-01-21 03:48:34.614653+00	2026-01-21 03:48:34.614666+00	28	19	114	0.50
45	1	2026-01-21 03:52:01.015646+00	2026-01-21 03:52:01.015655+00	29	4	7	235.00
46	1	2026-01-22 23:27:40.866793+00	2026-01-22 23:27:40.866804+00	30	6	49	150.00
47	3	2026-01-22 23:27:40.871351+00	2026-01-22 23:27:40.871362+00	30	4	7	235.00
48	1	2026-02-12 04:14:58.276094+00	2026-02-12 04:14:58.276101+00	31	7	54	100.00
49	15	2026-02-12 04:14:58.279298+00	2026-02-12 04:14:58.279304+00	31	19	114	0.50
50	1	2026-02-12 04:14:58.280604+00	2026-02-12 04:14:58.280617+00	31	6	49	150.00
51	1	2026-03-07 21:27:10.912518+00	2026-03-07 21:27:10.91253+00	32	7	54	100.00
52	15	2026-03-07 21:27:37.070424+00	2026-03-07 21:27:37.070436+00	33	19	114	0.50
53	15	2026-03-07 21:28:05.019837+00	2026-03-07 21:28:05.019843+00	34	19	114	0.50
54	15	2026-03-07 21:28:50.38042+00	2026-03-07 21:28:50.380427+00	35	19	114	0.50
55	1	2026-03-28 01:29:24.244299+00	2026-03-28 01:29:24.244307+00	36	7	54	100.00
56	15	2026-03-28 01:41:58.296682+00	2026-03-28 01:41:58.296692+00	37	19	114	0.50
57	1	2026-03-28 02:55:28.750751+00	2026-03-28 02:55:28.750761+00	38	7	55	100.00
58	15	2026-03-28 02:55:28.754216+00	2026-03-28 02:55:28.754226+00	38	19	114	0.50
59	1	2026-03-28 02:57:36.343834+00	2026-03-28 02:57:36.343847+00	39	7	55	100.00
60	1	2026-03-28 02:57:36.346552+00	2026-03-28 02:57:36.346561+00	39	6	49	150.00
61	15	2026-03-28 02:57:36.348032+00	2026-03-28 02:57:36.348036+00	39	19	114	0.50
\.


--
-- Data for Name: api_product; Type: TABLE DATA; Schema: public; Owner: -
--

COPY public.api_product (id, title, short_desc, long_desc, gender, category_id, "subCategory_id") FROM stdin;
1	Nike Air Max Plus	Let your attitude have the edge in the Air Max Plus. Its iconic caging adds heat to your look while airy mesh keeps you cool. And the visible cushioning lets you celebrate your defiant style in comfort.	Let your attitude have the edge in the Air Max Plus. Its iconic caging adds heat to your look while airy mesh keeps you cool. And the visible cushioning lets you celebrate your defiant style in comfort.\r\n\r\nBenefits\r\nMesh upper with synthetic leather accents is durable and breathable.\r\nMidfoot arch band provides a supportive feel.\r\nOriginally designed for performance running, Nike Air units provide lightweight cushioning.\r\nRubber outsole gives you durable traction.\r\nProduct details\r\nNot intended for use as personal protective equipment (PPE)\r\nColour Shown: Black/Light Crimson/Noble Red/Black\r\nStyle: DM0032-021\r\nCountry/Region of Origin: Indonesia	m	1	1
2	floatride energy 6 shoes	Life is all about balance. These men's Reebok running shoes are your do-it-all pair, combining a lightweight design with responsive Floatride Energy Foam cushioning for a bouncy but smooth ride. A midfoot plate provides torsional stability to keep you going when fatigue sets in. The Reebok Fit System features lateral and medial support stays for a locked-down fit.	Details\r\nStyle:100210002\r\n\r\nGender:Men\r\n\r\nFloatride energy foam\r\n\r\nRubber outsole\r\n\r\nTextile lining	m	1	2
3	Chaussure Samba OG Enfants	L'authentique Samba, revisit├⌐e pour tous les jours.\r\nCette chaussure adidas Samba junior est similaire ├á celle port├⌐e par les footballeurs pro dans les ann├⌐es 60. ├Ç quelques d├⌐tails pr├¿s. Revisit├⌐e pour la nouvelle g├⌐n├⌐ration, elle poss├¿de une semelle de propret├⌐ qui apporte un confort optimal tout au long de la journ├⌐e. La tige en cuir, la semelle en gomme de caoutchouc et les 3 bandes restent classiques.	Chaussant standard.\r\nFermeture ├á lacets.\r\nTige en cuir.\r\nSemelle de propret├⌐ OrthoLite┬«.\r\nDoublure synth├⌐tique.\r\nSemelle ext├⌐rieure en gomme de caoutchouc.\r\nCouleur du produit : Core Black / Cloud White / Gum\r\nCode du produit : IE3676	b	3	3
4	French Terry T-Shirt	This versatile, classic tee has a modern edge to take you anywhere in effortless style.	Features\r\nShort sleeves\r\nRibbed trim at neckline, sleeves and bottom hem\r\nImported\r\nMaterial\r\nFrench terry fleece material\r\n60% cotton, 40% recycled polyester\r\nStyle #: WT53521LIT	f	2	4
5	Athletics Never Age T-Shirt	A timeless classic, this t-shirt features a heritage-inspired graphic to add a pop of style.	Features\r\nShort sleeves\r\nGraphic print inspired by NB heritage designs for added style\r\nImported\r\nMaterial\r\nBreathable cotton fabric\r\n100% cotton\r\nStyle #: MT53969AHH	m	1	5
6	2010	BRIGHTON GREY with LINEN\r\nBLACK with BLACK CEMENT	The ABZORB 2010 combines the excitement of a progressive, all-new style with a sense of the familiar. The segmented ABZORB sole unit, a signature feature of several 2000s-era fan favorites, features more expansive proportions, becoming the centerpiece of this new design. This eye-catching visual is paired with a diamond-knit mesh upper, for an updated twist on a classic look.	m	1	1
7	Nike Metcon 10	Women's Workout Shoes	Power your cross-training potential with the Metcon 10. It optimises stability for your heavier lifts with an ultra-strong Hyperlift plate and levels up mobility with responsive ReactX foam. With increased energy return and a lighter weight than the Metcon 9, it helps you conquer any movement your workout demands.\r\n\r\n\r\nColour Shown: White/Platinum Tint/Wolf Grey/Metallic Silver\r\nStyle: HQ2620-100\r\nCountry/Region of Origin: Vietnam	b	1	1
\.


--
-- Data for Name: api_productimage; Type: TABLE DATA; Schema: public; Owner: -
--

COPY public.api_productimage (id, color, "mainImage", image, product_id, variant_id) FROM stdin;
1	white and blue	t	products/1/white and blue/NIKEAIRMAXPLUS_WB.jpg	1	4
2	white and blue	f	products/1/white and blue/NIKEAIRMAXPLUS_WB1.jpg	1	4
3	white and blue	f	products/1/white and blue/NIKEAIRMAXPLUS_WB2.jpg	1	4
4	white and blue	f	products/1/white and blue/NIKEAIRMAXPLUS_WB3.jpg	1	4
5	white and blue	f	products/1/white and blue/NIKEAIRMAXPLUS_WB4.jpg	1	4
6	white and blue	f	products/1/white and blue/NIKEAIRMAXPLUS_WB5.jpg	1	4
7	black and red	t	products/1/black and red/NIKEAIRMAXPLUS.jpg	1	3
8	black and red	f	products/1/black and red/NIKEAIRMAXPLUS_1.jpg	1	3
9	black and red	f	products/1/black and red/NIKEAIRMAXPLUS_2.jpg	1	3
10	black and red	f	products/1/black and red/NIKEAIRMAXPLUS_3.jpg	1	3
11	black and red	f	products/1/black and red/NIKEAIRMAXPLUS_4.jpg	1	3
13	Black and green	f	products/1/Black and green/NIKEAIRMAXPLUS_BG_1.jpg	1	2
14	Black and green	f	products/1/Black and green/NIKEAIRMAXPLUS_BG_3.jpg	1	2
16	Black and green	f	products/1/Black and green/NIKEAIRMAXPLUS_BG_4.jpg	1	2
17	Black and green	f	products/1/Black and green/NIKEAIRMAXPLUS_BG_5.jpg	1	2
18	Black and green	f	products/1/Black and green/NIKEAIRMAXPLUS_BG_6.jpg	1	2
12	Black and green	f	products/1/Black and green/NIKEAIRMAXPLUS_BG.jpg	1	2
15	Black and green	t	products/1/Black and green/NIKEAIRMAXPLUS_BG_2.jpg	1	2
19	Gold and white	t	products/1/Gold and white/NIKEAIRMAXPLUS_WY.jpg	1	1
20	Gold and white	f	products/1/Gold and white/NIKEAIRMAXPLUS_WY_1.jpg	1	1
21	Gold and white	f	products/1/Gold and white/NIKEAIRMAXPLUS_WY_2.jpg	1	1
22	Gold and white	f	products/1/Gold and white/NIKEAIRMAXPLUS_WY_3.jpg	1	1
23	Gold and white	f	products/1/Gold and white/NIKEAIRMAXPLUS_WY_4.jpg	1	1
24	Gold and white	f	products/1/Gold and white/NIKEAIRMAXPLUS_WY_5.jpg	1	1
25	Gold and white	f	products/1/Gold and white/NIKEAIRMAXPLUS_WY_6.jpg	1	1
26	black	t	products/2/black/floatride_energy_6_B.jpg	2	5
27	black	f	products/2/black/floatride_energy_6_B_1.jpg	2	5
28	black	f	products/2/black/floatride_energy_6_B_2.jpg	2	5
29	black	f	products/2/black/floatride_energy_6_B_3.jpg	2	5
30	black	f	products/2/black/floatride_energy_6_B_4.jpg	2	5
31	white	t	products/2/white/floatride_energy_6_W.jpg	2	6
32	white	f	products/2/white/floatride_energy_6_W_1.jpg	2	6
33	white	f	products/2/white/floatride_energy_6_W_2.jpg	2	6
34	white	f	products/2/white/floatride_energy_6_W_3.jpg	2	6
35	white	f	products/2/white/floatride_energy_6_W_4.jpg	2	6
36	black and white	t	products/3/black and white/Chaussure_Samba_OG_Enfants_noir.jpg	3	7
37	black and white	f	products/3/black and white/Chaussure_Samba_OG_Enfants_noir_01.jpg	3	7
38	black and white	f	products/3/black and white/Chaussure_Samba_OG_Enfants_noir_02.jpg	3	7
39	black and white	f	products/3/black and white/Chaussure_Samba_OG_Enfants_noir_03.jpg	3	7
40	black and white	f	products/3/black and white/Chaussure_Samba_OG_Enfants_noir_04.jpg	3	7
41	black and white	f	products/3/black and white/Chaussure_Samba_OG_Enfants_noir_05.jpg	3	7
42	white and light blue	t	products/3/white and light blue/Chaussure_Samba_OG_Enfants_bleu_light.jpg	3	11
43	white and light blue	f	products/3/white and light blue/Chaussure_Samba_OG_Enfants_bleu_light_1.jpg	3	11
44	white and light blue	f	products/3/white and light blue/Chaussure_Samba_OG_Enfants_bleu_light_2.jpg	3	11
45	white and light blue	f	products/3/white and light blue/Chaussure_Samba_OG_Enfants_bleu_light_3.jpg	3	11
46	white and light blue	f	products/3/white and light blue/Chaussure_Samba_OG_Enfants_bleu_light_4.jpg	3	11
47	white and light blue	f	products/3/white and light blue/Chaussure_Samba_OG_Enfants_bleu_light_5.jpg	3	11
48	white and red	t	products/3/white and red/Chaussure_Samba_OG_Enfants_blanc_R.jpg	3	10
49	white and red	f	products/3/white and red/Chaussure_Samba_OG_Enfants_blanc_R_1.jpg	3	10
50	white and red	f	products/3/white and red/Chaussure_Samba_OG_Enfants_blanc_R_2.jpg	3	10
51	white and red	f	products/3/white and red/Chaussure_Samba_OG_Enfants_blanc_R_3.jpg	3	10
52	white and red	f	products/3/white and red/Chaussure_Samba_OG_Enfants_blanc_R_4.jpg	3	10
53	white and red	f	products/3/white and red/Chaussure_Samba_OG_Enfants_blanc_R_5.jpg	3	10
54	white and black	t	products/3/white and black/Chaussure_Samba_OG_Enfants_blanc_N.jpg	3	8
55	white and black	f	products/3/white and black/Chaussure_Samba_OG_Enfants_blanc_N_1.jpg	3	8
56	white and black	f	products/3/white and black/Chaussure_Samba_OG_Enfants_blanc_N_2.jpg	3	8
57	white and black	f	products/3/white and black/Chaussure_Samba_OG_Enfants_blanc_N_3.jpg	3	8
58	white and black	f	products/3/white and black/Chaussure_Samba_OG_Enfants_blanc_N_4.jpg	3	8
59	white and black	f	products/3/white and black/Chaussure_Samba_OG_Enfants_blanc_N_5.jpg	3	8
60	white and pink	t	products/3/white and pink/Chaussure_Samba_OG_Enfants_blanc_ROSE.jpg	3	9
61	white and pink	f	products/3/white and pink/Chaussure_Samba_OG_Enfants_blanc_ROSE_2.jpg	3	9
62	white and pink	f	products/3/white and pink/Chaussure_Samba_OG_Enfants_blanc_ROSE_1.jpg	3	9
63	white and pink	f	products/3/white and pink/Chaussure_Samba_OG_Enfants_blanc_ROSE_3.jpg	3	9
64	white and pink	f	products/3/white and pink/Chaussure_Samba_OG_Enfants_blanc_ROSE_4.jpg	3	9
65	white and pink	f	products/3/white and pink/Chaussure_Samba_OG_Enfants_blanc_ROSE_5.jpg	3	9
66	beige	t	products/4/beige/beige_woman_shirt.jpg	4	13
67	beige	f	products/4/beige/beige_woman_shirt_1.jpg	4	13
68	beige	f	products/4/beige/beige_woman_shirt_2.jpg	4	13
69	beige	f	products/4/beige/beige_woman_shirt_3.jpg	4	13
70	beige	f	products/4/beige/beige_woman_shirt_4.jpg	4	13
71	beige	f	products/4/beige/beige_woman_shirt_5.jpg	4	13
72	yellow	t	products/4/yellow/yellow_woman_shirt.jpg	4	12
73	yellow	f	products/4/yellow/yellow_woman_shirt_1.jpg	4	12
74	yellow	f	products/4/yellow/yellow_woman_shirt_2.jpg	4	12
75	yellow	f	products/4/yellow/yellow_woman_shirt_3.jpg	4	12
76	yellow	f	products/4/yellow/yellow_woman_shirt_4.jpg	4	12
77	yellow	f	products/4/yellow/yellow_woman_shirt_5.jpg	4	12
78	white	t	products/5/white/white_tshirt-nb.jpg	5	14
79	white	f	products/5/white/white_tshirt-nb_1.jpg	5	14
80	white	f	products/5/white/white_tshirt-nb_2.jpg	5	14
81	white	f	products/5/white/white_tshirt-nb_3.jpg	5	14
82	white	f	products/5/white/white_tshirt-nb_4.jpg	5	14
83	white	f	products/5/white/white_tshirt-nb_5.jpg	5	14
84	beige	t	products/6/beige/nb_shoes_beige.jpg	6	16
85	beige	f	products/6/beige/nb_shoes_beige_1.jpg	6	16
86	beige	f	products/6/beige/nb_shoes_beige_2.jpg	6	16
87	beige	f	products/6/beige/nb_shoes_beige_3.jpg	6	16
88	beige	f	products/6/beige/nb_shoes_beige_4.jpg	6	16
89	beige	f	products/6/beige/nb_shoes_beige_5.jpg	6	16
90	black	t	products/6/black/nb_shoes_black.jpg	6	15
91	black	f	products/6/black/nb_shoes_black_1.jpg	6	15
92	black	f	products/6/black/nb_shoes_black_2.jpg	6	15
93	black	f	products/6/black/nb_shoes_black_3.jpg	6	15
94	black	f	products/6/black/nb_shoes_black_4.jpg	6	15
95	black	f	products/6/black/nb_shoes_black_5.jpg	6	15
96	white	t	products/7/white/WNIKEMETCON10_white.jpg	7	20
97	white	f	products/7/white/WNIKEMETCON10_white_1.jpg	7	20
98	white	f	products/7/white/WNIKEMETCON10_white_2.jpg	7	20
99	white	f	products/7/white/WNIKEMETCON10_white_3.jpg	7	20
100	white	f	products/7/white/WNIKEMETCON10_white_4.jpg	7	20
101	white	f	products/7/white/WNIKEMETCON10_white_5.jpg	7	20
102	orange	t	products/7/orange/WNIKEMETCON10_orange.jpg	7	19
103	orange	f	products/7/orange/WNIKEMETCON10_orange_1.jpg	7	19
104	orange	f	products/7/orange/WNIKEMETCON10_orange_2.jpg	7	19
105	orange	f	products/7/orange/WNIKEMETCON10_orange_3.jpg	7	19
106	orange	f	products/7/orange/WNIKEMETCON10_orange_4.jpg	7	19
107	orange	f	products/7/orange/WNIKEMETCON10_orange_5.jpg	7	19
\.


--
-- Data for Name: api_productvariant; Type: TABLE DATA; Schema: public; Owner: -
--

COPY public.api_productvariant (id, color, price, stock, discount, product_id) FROM stdin;
4	white and blue	235.00	10	0	1
3	black and red	235.00	10	0	1
2	Black and green	235.00	10	0	1
1	Gold and white	235.00	10	0	1
5	black	150.00	20	0	2
7	black and white	100.00	10	0	3
11	white and light blue	100.00	15	0	3
10	white and red	100.00	20	0	3
8	white and black	100.00	12	0	3
9	white and pink	100.00	10	0	3
12	yellow	70.00	73	0	4
13	beige	70.00	86	0	4
6	White	150.00	3	0	2
14	white	49.99	100	0	5
17	black	190.00	40	0	7
18	green	190.00	20	0	7
20	white	1.00	25	0	7
19	orange	0.50	15	0	7
16	beige	0.99	40	0	6
15	black	1.99	50	0	6
\.


--
-- Data for Name: api_productvariantsize; Type: TABLE DATA; Schema: public; Owner: -
--

COPY public.api_productvariantsize (id, size, variant_id) FROM stdin;
1	US 6	4
2	US 6.5	4
3	US 7	4
4	US 9	4
5	US 9.5	4
6	US 10	4
7	US 11	4
8	US 12	4
9	US 12.5	4
10	US 6	3
11	US 6.5	3
12	US 7	3
13	US 9	3
14	US 9.5	3
15	US 10	3
16	US 11	3
17	US 12	3
18	US 12.5	3
19	US 6	2
20	US 6.5	2
21	US 7	2
22	US 9	2
23	US 9.5	2
24	US 10	2
25	US 11	2
26	US 12	2
27	US 6	1
28	US 6.5	1
29	US 7	1
30	US 9	1
31	US 9.5	1
32	US 10	1
33	US 11	1
34	US 12	1
35	US 12.5	1
36	US 7	5
37	US 7.5	5
38	US 8	5
39	US 8.5	5
40	US 9	5
41	US 10	5
42	US 10.5	5
43	US 11	5
44	US 7	6
45	US 7.5	6
46	US 8	6
47	US 8.5	6
48	US 9	6
49	US 10	6
50	US 10.5	6
51	US 11	6
52	US 12.5	6
53	US 13	6
54	US 5.5	7
55	US 6	7
56	US 6.5	7
57	US 7	7
58	US 5.5	11
59	US 6	11
60	US 6.5	11
61	US 7	11
62	US 5.5	10
63	US 6	10
64	US 6.5	10
65	US 7	10
66	US 7.5	10
67	US 5.5	8
68	US 6	8
69	US 6.5	8
70	US 7	8
71	US 7.5	8
72	US 5.5	9
73	US 6	9
74	US 6.5	9
75	US 7	9
76	US 7.5	9
77	XS	13
78	S	13
79	M	13
80	L	13
81	XL	13
82	XS	12
83	S	12
84	M	12
85	L	12
86	XL	12
87	XS	14
88	S	14
89	M	14
90	L	14
91	XL	14
92	2XL	14
93	US 6	16
94	US 6.5	16
95	US 7	16
96	US 8.5	16
97	US 7.5	16
98	US 10	16
99	US 5.5	15
100	US 6	15
101	US 6.5	15
102	US 7	15
103	US 7.5	15
104	US 8	15
105	US 10.5	15
106	US 5.5	20
107	EU 36	20
108	US 7	20
109	US 8.5	20
110	US 9	20
111	2XL	20
112	US 6	19
113	US 7.5	19
114	US 6.5	19
115	EU 38	19
\.


--
-- Data for Name: api_rating; Type: TABLE DATA; Schema: public; Owner: -
--

COPY public.api_rating (id, created_at, updated_at, stars, comment, product_id, user_id) FROM stdin;
1	2025-09-12 01:33:52.121093+00	2025-09-12 01:33:52.12114+00	5	pas mal	2	1
2	2025-09-12 02:33:09.925212+00	2025-09-12 02:33:09.925257+00	5	le produit n'est pas terrible	2	1
3	2025-09-12 02:33:57.906691+00	2025-09-12 02:33:57.906702+00	2	c'est bizarre	2	1
4	2025-09-12 02:55:01.423361+00	2025-09-12 02:55:01.423369+00	3	J'enmerde le fabricant de cette shoes	2	1
5	2025-09-22 01:06:26.393269+00	2025-09-22 01:06:26.393277+00	2	bonsoir	2	1
6	2025-09-22 01:24:38.494988+00	2025-09-22 01:24:38.494997+00	4	Pas d'avis, sereiux??	1	1
7	2025-09-22 01:24:50.460398+00	2025-09-22 01:24:50.460408+00	4	Mais bon	1	1
8	2025-09-22 01:25:15.617041+00	2025-09-22 01:25:15.61705+00	1	je suis fort ?	3	1
9	2025-11-01 03:41:02.077125+00	2025-11-01 03:41:02.077129+00	5	premier commentaire	4	1
10	2025-11-01 03:41:24.352542+00	2025-11-01 03:41:24.352547+00	4	\N	4	1
11	2025-11-03 22:04:56.842215+00	2025-11-03 22:04:56.842218+00	5	Pas mal	1	1
12	2025-11-03 22:06:32.426258+00	2025-11-03 22:06:32.426262+00	5	c'est bizarre je ne peux commenter sur cette chaussure	3	1
13	2025-11-04 02:53:54.176536+00	2025-11-04 02:53:54.176539+00	4	vrai	3	1
14	2025-11-04 02:54:49.013315+00	2025-11-04 02:54:49.013318+00	4	petit essai	3	1
15	2025-11-04 03:07:51.870141+00	2025-11-04 03:07:51.870144+00	3	Optimized comment section	3	1
16	2025-11-04 03:08:40.360516+00	2025-11-04 03:08:40.360519+00	3	ça marche je crois	1	1
17	2025-11-04 03:20:56.829991+00	2025-11-04 03:20:56.829994+00	4	je pense que ça marche	3	1
18	2025-11-04 03:24:23.272096+00	2025-11-04 03:24:23.272107+00	4	2e test	3	1
19	2025-11-04 03:28:19.11864+00	2025-11-04 03:28:19.118644+00	4	teste	3	1
20	2025-11-22 01:56:13.565592+00	2025-11-22 01:56:13.565596+00	5	masterclass	7	1
21	2025-11-22 01:56:49.206294+00	2025-11-22 01:56:49.206299+00	1	Absolument dégueux	6	1
\.


--
-- Data for Name: api_subcategory; Type: TABLE DATA; Schema: public; Owner: -
--

COPY public.api_subcategory (id, title, short_desc, long_desc, category_id) FROM stdin;
1	Men's footwear	Men's Shoes		1
2	Running shoes	Reebok, Nike, Adidas, Puma, Asics, find the best brands to perform excellently		1
3	Children's footwear	Shoes for your children	different brands	3
4	Women's Shirts	elegant shirts for ladies		2
5	Men's shirts	Tshirt pour hommes		1
\.


--
-- Data for Name: api_user; Type: TABLE DATA; Schema: public; Owner: -
--

COPY public.api_user (id, password, last_login, is_superuser, username, first_name, last_name, email, is_staff, is_active, date_joined, email_verification_token, email_verification_sent_at, newsletter_subscription, phone_number, role) FROM stdin;
2	pbkdf2_sha256$1000000$sodqApwWi8QLgImPtt2BQF$yPV3qDi/WTveVx6H4VlCHrgLOxpq5EIPuIgtzC2OFJI=	2025-08-19 23:53:40.286715+00	t	admin			cabrelprowo@icloud.com	t	t	2025-08-19 23:53:24.140251+00	fc74f635-65fb-456f-93cb-1495ff33f535	\N	f	\N	customer
1	pbkdf2_sha256$1000000$daMszBVTL5BoHfaRaDtwWW$AR6YERuV7KnVCKgJMR6rlIMHgqNm9MpVhG+Vd5+HBdg=	\N	f	francel	Francel	Cabrel	cabrelprowo@gmail.com	f	t	2025-08-19 23:50:43+00	\N	\N	t	2633828170	customer
3	pbkdf2_sha256$1000000$htegI3U0ADnDEu8BUCG1V2$7TSqgvUF7olepGL2BM7sIpg7+qzCH8TWe+HmXm1Yzcw=	2026-04-26 18:38:35.088421+00	t	root			cabrelfrancel0@gmail.com	t	t	2025-09-17 02:49:35.286059+00	9d40ce03-25ca-4f01-9ed8-d3e60f82a3bb	\N	f	\N	customer
\.


--
-- Data for Name: api_user_groups; Type: TABLE DATA; Schema: public; Owner: -
--

COPY public.api_user_groups (id, user_id, group_id) FROM stdin;
\.


--
-- Data for Name: api_user_user_permissions; Type: TABLE DATA; Schema: public; Owner: -
--

COPY public.api_user_user_permissions (id, user_id, permission_id) FROM stdin;
\.


--
-- Data for Name: api_wishlist; Type: TABLE DATA; Schema: public; Owner: -
--

COPY public.api_wishlist (id, created_at, updated_at, size_id, user_id, variant_id) FROM stdin;
26	2026-03-08 03:09:25.27775+00	2026-03-08 03:09:25.277764+00	\N	1	20
\.


--
-- Data for Name: auth_group; Type: TABLE DATA; Schema: public; Owner: -
--

COPY public.auth_group (id, name) FROM stdin;
\.


--
-- Data for Name: auth_group_permissions; Type: TABLE DATA; Schema: public; Owner: -
--

COPY public.auth_group_permissions (id, group_id, permission_id) FROM stdin;
\.


--
-- Data for Name: auth_permission; Type: TABLE DATA; Schema: public; Owner: -
--

COPY public.auth_permission (id, name, content_type_id, codename) FROM stdin;
1	Can add log entry	1	add_logentry
2	Can change log entry	1	change_logentry
3	Can delete log entry	1	delete_logentry
4	Can view log entry	1	view_logentry
5	Can add permission	2	add_permission
6	Can change permission	2	change_permission
7	Can delete permission	2	delete_permission
8	Can view permission	2	view_permission
9	Can add group	3	add_group
10	Can change group	3	change_group
11	Can delete group	3	delete_group
12	Can view group	3	view_group
13	Can add content type	4	add_contenttype
14	Can change content type	4	change_contenttype
15	Can delete content type	4	delete_contenttype
16	Can view content type	4	view_contenttype
17	Can add session	5	add_session
18	Can change session	5	change_session
19	Can delete session	5	delete_session
20	Can view session	5	view_session
21	Can add category	6	add_category
22	Can change category	6	change_category
23	Can delete category	6	delete_category
24	Can view category	6	view_category
25	Can add user	7	add_user
26	Can change user	7	change_user
27	Can delete user	7	delete_user
28	Can view user	7	view_user
29	Can add product	8	add_product
30	Can change product	8	change_product
31	Can delete product	8	delete_product
32	Can view product	8	view_product
33	Can add product variant	9	add_productvariant
34	Can change product variant	9	change_productvariant
35	Can delete product variant	9	delete_productvariant
36	Can view product variant	9	view_productvariant
37	Can add product image	10	add_productimage
38	Can change product image	10	change_productimage
39	Can delete product image	10	delete_productimage
40	Can view product image	10	view_productimage
41	Can add product variant size	11	add_productvariantsize
42	Can change product variant size	11	change_productvariantsize
43	Can delete product variant size	11	delete_productvariantsize
44	Can view product variant size	11	view_productvariantsize
45	Can add rating	12	add_rating
46	Can change rating	12	change_rating
47	Can delete rating	12	delete_rating
48	Can view rating	12	view_rating
49	Can add sub category	13	add_subcategory
50	Can change sub category	13	change_subcategory
51	Can delete sub category	13	delete_subcategory
52	Can view sub category	13	view_subcategory
53	Can add cart	14	add_cart
54	Can change cart	14	change_cart
55	Can delete cart	14	delete_cart
56	Can view cart	14	view_cart
57	Can add wishlist	15	add_wishlist
58	Can change wishlist	15	change_wishlist
59	Can delete wishlist	15	delete_wishlist
60	Can view wishlist	15	view_wishlist
61	Can add Token	16	add_token
62	Can change Token	16	change_token
63	Can delete Token	16	delete_token
64	Can view Token	16	view_token
65	Can add Token	17	add_tokenproxy
66	Can change Token	17	change_tokenproxy
67	Can delete Token	17	delete_tokenproxy
68	Can view Token	17	view_tokenproxy
69	Can add order item	18	add_orderitem
70	Can change order item	18	change_orderitem
71	Can delete order item	18	delete_orderitem
72	Can view order item	18	view_orderitem
73	Can add order	19	add_order
74	Can change order	19	change_order
75	Can delete order	19	delete_order
76	Can view order	19	view_order
77	Can add address	20	add_address
78	Can change address	20	change_address
79	Can delete address	20	delete_address
80	Can view address	20	view_address
\.


--
-- Data for Name: authtoken_token; Type: TABLE DATA; Schema: public; Owner: -
--

COPY public.authtoken_token (key, created, user_id) FROM stdin;
\.


--
-- Data for Name: django_admin_log; Type: TABLE DATA; Schema: public; Owner: -
--

COPY public.django_admin_log (id, action_time, object_id, object_repr, action_flag, change_message, content_type_id, user_id) FROM stdin;
1	2025-08-20 01:05:48.641289+00	1	Men's wear	1	[{"added": {}}]	6	2
2	2025-08-20 01:13:52.996835+00	2	Women's wear	1	[{"added": {}}]	6	2
3	2025-08-20 01:18:39.949092+00	3	Children's wear	1	[{"added": {}}]	6	2
4	2025-08-20 01:56:31.747003+00	1	Men's footwear	1	[{"added": {}}]	13	2
5	2025-08-20 01:59:04.190754+00	1	Nike Air Max Plus	1	[{"added": {}}, {"added": {"name": "product variant", "object": "Nike Air Max Plus - Gold and white - 235"}}, {"added": {"name": "product variant", "object": "Nike Air Max Plus - Black and green - 235"}}, {"added": {"name": "product variant", "object": "Nike Air Max Plus - black and red - 235"}}, {"added": {"name": "product variant", "object": "Nike Air Max Plus - white and blue - 235"}}]	8	2
6	2025-08-20 02:30:49.563566+00	4	Nike Air Max Plus - white and blue - 235.00	2	[{"added": {"name": "product image", "object": "Image principale de Nike Air Max Plus (white and blue)"}}, {"added": {"name": "product image", "object": "Image de Nike Air Max Plus (white and blue)"}}, {"added": {"name": "product image", "object": "Image de Nike Air Max Plus (white and blue)"}}, {"added": {"name": "product image", "object": "Image de Nike Air Max Plus (white and blue)"}}, {"added": {"name": "product image", "object": "Image de Nike Air Max Plus (white and blue)"}}, {"added": {"name": "product image", "object": "Image de Nike Air Max Plus (white and blue)"}}, {"added": {"name": "product variant size", "object": "Nike Air Max Plus - US 6"}}, {"added": {"name": "product variant size", "object": "Nike Air Max Plus - US 6.5"}}, {"added": {"name": "product variant size", "object": "Nike Air Max Plus - US 7"}}, {"added": {"name": "product variant size", "object": "Nike Air Max Plus - US 9"}}, {"added": {"name": "product variant size", "object": "Nike Air Max Plus - US 9.5"}}, {"added": {"name": "product variant size", "object": "Nike Air Max Plus - US 10"}}, {"added": {"name": "product variant size", "object": "Nike Air Max Plus - US 11"}}, {"added": {"name": "product variant size", "object": "Nike Air Max Plus - US 12"}}, {"added": {"name": "product variant size", "object": "Nike Air Max Plus - US 12.5"}}]	9	2
7	2025-08-20 02:36:41.17336+00	4	Nike Air Max Plus - white and blue - 235.00	2	[]	9	2
8	2025-08-20 02:41:23.118067+00	3	Nike Air Max Plus - black and red - 235.00	2	[{"added": {"name": "product image", "object": "Image principale de Nike Air Max Plus (black and red)"}}, {"added": {"name": "product image", "object": "Image de Nike Air Max Plus (black and red)"}}, {"added": {"name": "product image", "object": "Image de Nike Air Max Plus (black and red)"}}, {"added": {"name": "product image", "object": "Image de Nike Air Max Plus (black and red)"}}, {"added": {"name": "product image", "object": "Image de Nike Air Max Plus (black and red)"}}, {"added": {"name": "product variant size", "object": "Nike Air Max Plus - US 6"}}, {"added": {"name": "product variant size", "object": "Nike Air Max Plus - US 6.5"}}, {"added": {"name": "product variant size", "object": "Nike Air Max Plus - US 7"}}, {"added": {"name": "product variant size", "object": "Nike Air Max Plus - US 9"}}, {"added": {"name": "product variant size", "object": "Nike Air Max Plus - US 9.5"}}, {"added": {"name": "product variant size", "object": "Nike Air Max Plus - US 10"}}, {"added": {"name": "product variant size", "object": "Nike Air Max Plus - US 11"}}, {"added": {"name": "product variant size", "object": "Nike Air Max Plus - US 12"}}, {"added": {"name": "product variant size", "object": "Nike Air Max Plus - US 12.5"}}]	9	2
9	2025-08-20 03:17:45.043609+00	2	Nike Air Max Plus - Black and green - 235.00	2	[{"added": {"name": "product image", "object": "Image principale de Nike Air Max Plus (Black and green)"}}, {"added": {"name": "product image", "object": "Image de Nike Air Max Plus (Black and green)"}}, {"added": {"name": "product image", "object": "Image de Nike Air Max Plus (Black and green)"}}, {"added": {"name": "product image", "object": "Image de Nike Air Max Plus (Black and green)"}}, {"added": {"name": "product image", "object": "Image de Nike Air Max Plus (Black and green)"}}, {"added": {"name": "product image", "object": "Image de Nike Air Max Plus (Black and green)"}}, {"added": {"name": "product image", "object": "Image de Nike Air Max Plus (Black and green)"}}, {"added": {"name": "product variant size", "object": "Nike Air Max Plus - US 6"}}, {"added": {"name": "product variant size", "object": "Nike Air Max Plus - US 6.5"}}, {"added": {"name": "product variant size", "object": "Nike Air Max Plus - US 7"}}, {"added": {"name": "product variant size", "object": "Nike Air Max Plus - US 9"}}, {"added": {"name": "product variant size", "object": "Nike Air Max Plus - US 9.5"}}, {"added": {"name": "product variant size", "object": "Nike Air Max Plus - US 10"}}, {"added": {"name": "product variant size", "object": "Nike Air Max Plus - US 11"}}, {"added": {"name": "product variant size", "object": "Nike Air Max Plus - US 12"}}]	9	2
10	2025-08-20 03:18:58.547549+00	2	Nike Air Max Plus - Black and green - 235.00	2	[{"changed": {"name": "product image", "object": "Image de Nike Air Max Plus (Black and green)", "fields": ["MainImage"]}}, {"changed": {"name": "product image", "object": "Image principale de Nike Air Max Plus (Black and green)", "fields": ["MainImage"]}}]	9	2
11	2025-08-20 03:23:20.321935+00	1	Nike Air Max Plus - Gold and white - 235.00	2	[{"added": {"name": "product image", "object": "Image principale de Nike Air Max Plus (Gold and white)"}}, {"added": {"name": "product image", "object": "Image de Nike Air Max Plus (Gold and white)"}}, {"added": {"name": "product image", "object": "Image de Nike Air Max Plus (Gold and white)"}}, {"added": {"name": "product image", "object": "Image de Nike Air Max Plus (Gold and white)"}}, {"added": {"name": "product image", "object": "Image de Nike Air Max Plus (Gold and white)"}}, {"added": {"name": "product image", "object": "Image de Nike Air Max Plus (Gold and white)"}}, {"added": {"name": "product image", "object": "Image de Nike Air Max Plus (Gold and white)"}}, {"added": {"name": "product variant size", "object": "Nike Air Max Plus - US 6"}}, {"added": {"name": "product variant size", "object": "Nike Air Max Plus - US 6.5"}}, {"added": {"name": "product variant size", "object": "Nike Air Max Plus - US 7"}}, {"added": {"name": "product variant size", "object": "Nike Air Max Plus - US 9"}}, {"added": {"name": "product variant size", "object": "Nike Air Max Plus - US 9.5"}}, {"added": {"name": "product variant size", "object": "Nike Air Max Plus - US 10"}}, {"added": {"name": "product variant size", "object": "Nike Air Max Plus - US 11"}}, {"added": {"name": "product variant size", "object": "Nike Air Max Plus - US 12"}}, {"added": {"name": "product variant size", "object": "Nike Air Max Plus - US 12.5"}}]	9	2
12	2025-08-22 02:14:45.725193+00	3	Children's wear	2	[{"changed": {"fields": ["Slug"]}}]	6	2
13	2025-08-22 02:14:59.819697+00	2	Women's wear	2	[{"changed": {"fields": ["Slug"]}}]	6	2
14	2025-08-22 02:15:08.579678+00	1	Men's wear	2	[{"changed": {"fields": ["Slug"]}}]	6	2
15	2025-08-22 02:20:08.730905+00	3	Children's wear	2	[]	6	2
16	2025-08-22 02:20:13.900741+00	2	Women's wear	2	[]	6	2
17	2025-08-22 02:20:18.232611+00	1	Men's wear	2	[]	6	2
18	2025-08-22 02:20:51.89848+00	2	Women's wear	2	[{"changed": {"fields": ["Slug"]}}]	6	2
19	2025-08-22 02:21:14.86524+00	2	Women's wear	2	[{"changed": {"fields": ["Slug"]}}]	6	2
20	2025-08-28 09:32:44.860485+00	2	Running shoes	1	[{"added": {}}]	13	2
21	2025-08-28 09:41:32.495777+00	2	floatride energy 6 shoes	1	[{"added": {}}, {"added": {"name": "product variant", "object": "floatride energy 6 shoes - black - 150"}}, {"added": {"name": "product variant", "object": "floatride energy 6 shoes - White - 150"}}]	8	2
22	2025-08-28 09:44:30.831205+00	5	floatride energy 6 shoes - black - 150.00	2	[{"added": {"name": "product image", "object": "Image principale de floatride energy 6 shoes (black)"}}, {"added": {"name": "product image", "object": "Image de floatride energy 6 shoes (black)"}}, {"added": {"name": "product image", "object": "Image de floatride energy 6 shoes (black)"}}, {"added": {"name": "product image", "object": "Image de floatride energy 6 shoes (black)"}}, {"added": {"name": "product image", "object": "Image de floatride energy 6 shoes (black)"}}, {"added": {"name": "product variant size", "object": "floatride energy 6 shoes - US 7"}}, {"added": {"name": "product variant size", "object": "floatride energy 6 shoes - US 7.5"}}, {"added": {"name": "product variant size", "object": "floatride energy 6 shoes - US 8"}}, {"added": {"name": "product variant size", "object": "floatride energy 6 shoes - US 8.5"}}, {"added": {"name": "product variant size", "object": "floatride energy 6 shoes - US 9"}}, {"added": {"name": "product variant size", "object": "floatride energy 6 shoes - US 10"}}, {"added": {"name": "product variant size", "object": "floatride energy 6 shoes - US 10.5"}}, {"added": {"name": "product variant size", "object": "floatride energy 6 shoes - US 11"}}]	9	2
23	2025-08-28 09:51:38.52523+00	6	floatride energy 6 shoes - White - 150.00	2	[{"added": {"name": "product image", "object": "Image principale de floatride energy 6 shoes (white)"}}, {"added": {"name": "product image", "object": "Image de floatride energy 6 shoes (white)"}}, {"added": {"name": "product image", "object": "Image de floatride energy 6 shoes (white)"}}, {"added": {"name": "product image", "object": "Image de floatride energy 6 shoes (white)"}}, {"added": {"name": "product image", "object": "Image de floatride energy 6 shoes (white)"}}, {"added": {"name": "product variant size", "object": "floatride energy 6 shoes - US 7"}}, {"added": {"name": "product variant size", "object": "floatride energy 6 shoes - US 7.5"}}, {"added": {"name": "product variant size", "object": "floatride energy 6 shoes - US 8"}}, {"added": {"name": "product variant size", "object": "floatride energy 6 shoes - US 8.5"}}, {"added": {"name": "product variant size", "object": "floatride energy 6 shoes - US 9"}}, {"added": {"name": "product variant size", "object": "floatride energy 6 shoes - US 10"}}, {"added": {"name": "product variant size", "object": "floatride energy 6 shoes - US 10.5"}}, {"added": {"name": "product variant size", "object": "floatride energy 6 shoes - US 11"}}, {"added": {"name": "product variant size", "object": "floatride energy 6 shoes - US 12.5"}}, {"added": {"name": "product variant size", "object": "floatride energy 6 shoes - US 13"}}]	9	2
24	2025-08-28 10:02:11.29702+00	3	Children's footwear	1	[{"added": {}}]	13	2
25	2025-08-28 10:05:08.746943+00	3	Chaussure Samba OG Enfants	1	[{"added": {}}, {"added": {"name": "product variant", "object": "Chaussure Samba OG Enfants - black and white - 100"}}, {"added": {"name": "product variant", "object": "Chaussure Samba OG Enfants - white and black - 100"}}, {"added": {"name": "product variant", "object": "Chaussure Samba OG Enfants - white and pink - 100"}}, {"added": {"name": "product variant", "object": "Chaussure Samba OG Enfants - white and red - 100"}}, {"added": {"name": "product variant", "object": "Chaussure Samba OG Enfants - white and light blue - 100"}}]	8	2
26	2025-08-28 10:10:11.6269+00	7	Chaussure Samba OG Enfants - black and white - 100.00	2	[{"added": {"name": "product image", "object": "Image principale de Chaussure Samba OG Enfants (black and white)"}}, {"added": {"name": "product image", "object": "Image de Chaussure Samba OG Enfants (black and white)"}}, {"added": {"name": "product image", "object": "Image de Chaussure Samba OG Enfants (black and white)"}}, {"added": {"name": "product variant size", "object": "Chaussure Samba OG Enfants - US 5.5"}}, {"added": {"name": "product variant size", "object": "Chaussure Samba OG Enfants - US 6"}}, {"added": {"name": "product variant size", "object": "Chaussure Samba OG Enfants - US 6.5"}}, {"added": {"name": "product variant size", "object": "Chaussure Samba OG Enfants - US 7"}}]	9	2
27	2025-08-28 10:17:51.104767+00	7	Chaussure Samba OG Enfants - black and white - 100.00	2	[{"added": {"name": "product image", "object": "Image de Chaussure Samba OG Enfants (black and white)"}}, {"added": {"name": "product image", "object": "Image de Chaussure Samba OG Enfants (black and white)"}}, {"added": {"name": "product image", "object": "Image de Chaussure Samba OG Enfants (black and white)"}}]	9	2
28	2025-08-28 10:19:41.788437+00	11	Chaussure Samba OG Enfants - white and light blue - 100.00	2	[{"added": {"name": "product image", "object": "Image principale de Chaussure Samba OG Enfants (white and light blue)"}}, {"added": {"name": "product image", "object": "Image de Chaussure Samba OG Enfants (white and light blue)"}}, {"added": {"name": "product image", "object": "Image de Chaussure Samba OG Enfants (white and light blue)"}}, {"added": {"name": "product image", "object": "Image de Chaussure Samba OG Enfants (white and light blue)"}}, {"added": {"name": "product image", "object": "Image de Chaussure Samba OG Enfants (white and light blue)"}}, {"added": {"name": "product image", "object": "Image de Chaussure Samba OG Enfants (white and light blue)"}}, {"added": {"name": "product variant size", "object": "Chaussure Samba OG Enfants - US 5.5"}}, {"added": {"name": "product variant size", "object": "Chaussure Samba OG Enfants - US 6"}}, {"added": {"name": "product variant size", "object": "Chaussure Samba OG Enfants - US 6.5"}}, {"added": {"name": "product variant size", "object": "Chaussure Samba OG Enfants - US 7"}}]	9	2
29	2025-08-28 22:25:22.758236+00	10	Chaussure Samba OG Enfants - white and red - 100.00	2	[{"added": {"name": "product image", "object": "Image principale de Chaussure Samba OG Enfants (white and red)"}}, {"added": {"name": "product image", "object": "Image de Chaussure Samba OG Enfants (white and red)"}}, {"added": {"name": "product image", "object": "Image de Chaussure Samba OG Enfants (white and red)"}}, {"added": {"name": "product image", "object": "Image de Chaussure Samba OG Enfants (white and red)"}}, {"added": {"name": "product image", "object": "Image de Chaussure Samba OG Enfants (white and red)"}}, {"added": {"name": "product image", "object": "Image de Chaussure Samba OG Enfants (white and red)"}}, {"added": {"name": "product variant size", "object": "Chaussure Samba OG Enfants - US 5.5"}}, {"added": {"name": "product variant size", "object": "Chaussure Samba OG Enfants - US 6"}}, {"added": {"name": "product variant size", "object": "Chaussure Samba OG Enfants - US 6.5"}}, {"added": {"name": "product variant size", "object": "Chaussure Samba OG Enfants - US 7"}}, {"added": {"name": "product variant size", "object": "Chaussure Samba OG Enfants - US 7.5"}}]	9	2
30	2025-08-28 22:38:15.24119+00	8	Chaussure Samba OG Enfants - white and black - 100.00	2	[{"added": {"name": "product image", "object": "Image principale de Chaussure Samba OG Enfants (white and black)"}}, {"added": {"name": "product image", "object": "Image de Chaussure Samba OG Enfants (white and black)"}}, {"added": {"name": "product image", "object": "Image de Chaussure Samba OG Enfants (white and black)"}}, {"added": {"name": "product image", "object": "Image de Chaussure Samba OG Enfants (white and black)"}}, {"added": {"name": "product image", "object": "Image de Chaussure Samba OG Enfants (white and black)"}}, {"added": {"name": "product image", "object": "Image de Chaussure Samba OG Enfants (white and black)"}}, {"added": {"name": "product variant size", "object": "Chaussure Samba OG Enfants - US 5.5"}}, {"added": {"name": "product variant size", "object": "Chaussure Samba OG Enfants - US 6"}}, {"added": {"name": "product variant size", "object": "Chaussure Samba OG Enfants - US 6.5"}}, {"added": {"name": "product variant size", "object": "Chaussure Samba OG Enfants - US 7"}}, {"added": {"name": "product variant size", "object": "Chaussure Samba OG Enfants - US 7.5"}}]	9	2
31	2025-08-28 22:44:52.968742+00	9	Chaussure Samba OG Enfants - white and pink - 100.00	2	[{"added": {"name": "product image", "object": "Image principale de Chaussure Samba OG Enfants (white and pink)"}}, {"added": {"name": "product image", "object": "Image de Chaussure Samba OG Enfants (white and pink)"}}, {"added": {"name": "product image", "object": "Image de Chaussure Samba OG Enfants (white and pink)"}}, {"added": {"name": "product image", "object": "Image de Chaussure Samba OG Enfants (white and pink)"}}, {"added": {"name": "product image", "object": "Image de Chaussure Samba OG Enfants (white and pink)"}}, {"added": {"name": "product image", "object": "Image de Chaussure Samba OG Enfants (white and pink)"}}, {"added": {"name": "product variant size", "object": "Chaussure Samba OG Enfants - US 5.5"}}, {"added": {"name": "product variant size", "object": "Chaussure Samba OG Enfants - US 6"}}, {"added": {"name": "product variant size", "object": "Chaussure Samba OG Enfants - US 6.5"}}, {"added": {"name": "product variant size", "object": "Chaussure Samba OG Enfants - US 7"}}, {"added": {"name": "product variant size", "object": "Chaussure Samba OG Enfants - US 7.5"}}]	9	2
32	2025-08-28 22:59:23.872833+00	4	Women's Shirts	1	[{"added": {}}]	13	2
33	2025-08-28 23:00:07.851096+00	4	French Terry T-Shirt	1	[{"added": {}}, {"added": {"name": "product variant", "object": "French Terry T-Shirt - green - 70"}}, {"added": {"name": "product variant", "object": "French Terry T-Shirt - beige - 70"}}]	8	2
34	2025-08-28 23:04:04.001997+00	4	French Terry T-Shirt	2	[]	8	2
35	2025-08-28 23:06:31.139428+00	13	French Terry T-Shirt - beige - 70.00	2	[{"added": {"name": "product image", "object": "Image principale de French Terry T-Shirt (beige)"}}, {"added": {"name": "product image", "object": "Image de French Terry T-Shirt (beige)"}}, {"added": {"name": "product image", "object": "Image de French Terry T-Shirt (beige)"}}, {"added": {"name": "product image", "object": "Image de French Terry T-Shirt (beige)"}}, {"added": {"name": "product image", "object": "Image de French Terry T-Shirt (beige)"}}, {"added": {"name": "product image", "object": "Image de French Terry T-Shirt (beige)"}}, {"added": {"name": "product variant size", "object": "French Terry T-Shirt - XS"}}, {"added": {"name": "product variant size", "object": "French Terry T-Shirt - S"}}, {"added": {"name": "product variant size", "object": "French Terry T-Shirt - M"}}, {"added": {"name": "product variant size", "object": "French Terry T-Shirt - L"}}, {"added": {"name": "product variant size", "object": "French Terry T-Shirt - XL"}}]	9	2
36	2025-08-28 23:06:56.871374+00	13	French Terry T-Shirt - beige - 70.00	2	[]	9	2
37	2025-08-28 23:07:05.47854+00	13	French Terry T-Shirt - beige - 70.00	2	[]	9	2
38	2025-08-28 23:09:16.591627+00	12	French Terry T-Shirt - yellow - 70.00	2	[{"changed": {"fields": ["Color"]}}, {"added": {"name": "product image", "object": "Image principale de French Terry T-Shirt (yellow)"}}, {"added": {"name": "product image", "object": "Image de French Terry T-Shirt (yellow)"}}, {"added": {"name": "product image", "object": "Image de French Terry T-Shirt (yellow)"}}, {"added": {"name": "product image", "object": "Image de French Terry T-Shirt (yellow)"}}, {"added": {"name": "product image", "object": "Image de French Terry T-Shirt (yellow)"}}, {"added": {"name": "product image", "object": "Image de French Terry T-Shirt (yellow)"}}, {"added": {"name": "product variant size", "object": "French Terry T-Shirt - XS"}}, {"added": {"name": "product variant size", "object": "French Terry T-Shirt - S"}}, {"added": {"name": "product variant size", "object": "French Terry T-Shirt - M"}}, {"added": {"name": "product variant size", "object": "French Terry T-Shirt - L"}}, {"added": {"name": "product variant size", "object": "French Terry T-Shirt - XL"}}]	9	2
39	2025-09-01 23:43:05.521985+00	4	French Terry T-Shirt	2	[{"changed": {"name": "product variant", "object": "French Terry T-Shirt - yellow - 70.00", "fields": ["Stock"]}}]	8	2
40	2025-09-01 23:43:30.482924+00	13	French Terry T-Shirt - beiges - 70.00	2	[{"changed": {"fields": ["Color"]}}]	9	2
41	2025-09-01 23:43:52.023252+00	4	French Terry T-Shirt	2	[{"changed": {"name": "product variant", "object": "French Terry T-Shirt - yellow - 70.00", "fields": ["Stock"]}}]	8	2
42	2025-09-01 23:44:10.680763+00	13	French Terry T-Shirt - beiges - 70.00	2	[{"changed": {"fields": ["Stock"]}}]	9	2
43	2025-09-01 23:44:25.927182+00	4	French Terry T-Shirt	2	[{"changed": {"name": "product variant", "object": "French Terry T-Shirt - beige - 70.00", "fields": ["Color"]}}]	8	2
44	2025-09-02 00:33:09.582907+00	6	floatride energy 6 shoes - White - 150.00	2	[{"changed": {"fields": ["Stock"]}}]	9	2
45	2025-09-17 03:00:06.509861+00	5	Men's shirts	1	[{"added": {}}]	13	3
46	2025-09-17 03:01:02.717531+00	5	Athletics Never Age T-Shirt	1	[{"added": {}}, {"added": {"name": "product variant", "object": "Athletics Never Age T-Shirt - white - 49.99"}}]	8	3
47	2025-09-17 03:03:58.087872+00	14	Athletics Never Age T-Shirt - white - 49.99	2	[{"added": {"name": "product image", "object": "Image principale de Athletics Never Age T-Shirt (white)"}}, {"added": {"name": "product image", "object": "Image de Athletics Never Age T-Shirt (white)"}}, {"added": {"name": "product image", "object": "Image de Athletics Never Age T-Shirt (white)"}}, {"added": {"name": "product image", "object": "Image de Athletics Never Age T-Shirt (white)"}}, {"added": {"name": "product image", "object": "Image de Athletics Never Age T-Shirt (white)"}}, {"added": {"name": "product image", "object": "Image de Athletics Never Age T-Shirt (white)"}}, {"added": {"name": "product variant size", "object": "Athletics Never Age T-Shirt - XS"}}, {"added": {"name": "product variant size", "object": "Athletics Never Age T-Shirt - S"}}, {"added": {"name": "product variant size", "object": "Athletics Never Age T-Shirt - M"}}, {"added": {"name": "product variant size", "object": "Athletics Never Age T-Shirt - L"}}, {"added": {"name": "product variant size", "object": "Athletics Never Age T-Shirt - XL"}}, {"added": {"name": "product variant size", "object": "Athletics Never Age T-Shirt - 2XL"}}]	9	3
48	2025-09-17 03:20:35.680354+00	6	2010	1	[{"added": {}}, {"added": {"name": "product variant", "object": "2010 - black - 194.99"}}, {"added": {"name": "product variant", "object": "2010 - beige - 194.99"}}]	8	3
49	2025-09-17 03:22:35.658605+00	16	2010 - beige - 194.99	2	[{"added": {"name": "product image", "object": "Image principale de 2010 (beige)"}}, {"added": {"name": "product image", "object": "Image de 2010 (beige)"}}, {"added": {"name": "product image", "object": "Image de 2010 (beige)"}}, {"added": {"name": "product image", "object": "Image de 2010 (beige)"}}, {"added": {"name": "product image", "object": "Image de 2010 (beige)"}}, {"added": {"name": "product image", "object": "Image de 2010 (beige)"}}, {"added": {"name": "product variant size", "object": "2010 - US 6"}}, {"added": {"name": "product variant size", "object": "2010 - US 6.5"}}, {"added": {"name": "product variant size", "object": "2010 - US 7"}}, {"added": {"name": "product variant size", "object": "2010 - US 8.5"}}, {"added": {"name": "product variant size", "object": "2010 - US 7.5"}}, {"added": {"name": "product variant size", "object": "2010 - US 10"}}]	9	3
50	2025-09-17 03:24:42.607514+00	15	2010 - black - 194.99	2	[{"added": {"name": "product image", "object": "Image principale de 2010 (black)"}}, {"added": {"name": "product image", "object": "Image de 2010 (black)"}}, {"added": {"name": "product image", "object": "Image de 2010 (black)"}}, {"added": {"name": "product image", "object": "Image de 2010 (black)"}}, {"added": {"name": "product image", "object": "Image de 2010 (black)"}}, {"added": {"name": "product image", "object": "Image de 2010 (black)"}}, {"added": {"name": "product variant size", "object": "2010 - US 5.5"}}, {"added": {"name": "product variant size", "object": "2010 - US 6"}}, {"added": {"name": "product variant size", "object": "2010 - US 6.5"}}, {"added": {"name": "product variant size", "object": "2010 - US 7"}}, {"added": {"name": "product variant size", "object": "2010 - US 7.5"}}, {"added": {"name": "product variant size", "object": "2010 - US 8"}}, {"added": {"name": "product variant size", "object": "2010 - US 10.5"}}]	9	3
51	2025-09-17 03:49:39.853505+00	7	Nike Metcon 10	1	[{"added": {}}, {"added": {"name": "product variant", "object": "Nike Metcon 10 - black - 190"}}, {"added": {"name": "product variant", "object": "Nike Metcon 10 - green - 190"}}, {"added": {"name": "product variant", "object": "Nike Metcon 10 - orange - 190"}}, {"added": {"name": "product variant", "object": "Nike Metcon 10 - white - 190"}}]	8	3
52	2025-09-17 03:51:46.02152+00	20	Nike Metcon 10 - white - 190.00	2	[{"added": {"name": "product image", "object": "Image principale de Nike Metcon 10 (white)"}}, {"added": {"name": "product image", "object": "Image de Nike Metcon 10 (white)"}}, {"added": {"name": "product image", "object": "Image de Nike Metcon 10 (white)"}}, {"added": {"name": "product image", "object": "Image de Nike Metcon 10 (white)"}}, {"added": {"name": "product image", "object": "Image de Nike Metcon 10 (white)"}}, {"added": {"name": "product image", "object": "Image de Nike Metcon 10 (white)"}}, {"added": {"name": "product variant size", "object": "Nike Metcon 10 - US 5.5"}}, {"added": {"name": "product variant size", "object": "Nike Metcon 10 - EU 36"}}, {"added": {"name": "product variant size", "object": "Nike Metcon 10 - US 7"}}, {"added": {"name": "product variant size", "object": "Nike Metcon 10 - US 8.5"}}, {"added": {"name": "product variant size", "object": "Nike Metcon 10 - US 9"}}, {"added": {"name": "product variant size", "object": "Nike Metcon 10 - 2XL"}}]	9	3
53	2025-09-17 03:54:10.421352+00	19	Nike Metcon 10 - orange - 190.00	2	[{"added": {"name": "product image", "object": "Image principale de Nike Metcon 10 (orange)"}}, {"added": {"name": "product image", "object": "Image de Nike Metcon 10 (orange)"}}, {"added": {"name": "product image", "object": "Image de Nike Metcon 10 (orange)"}}, {"added": {"name": "product image", "object": "Image de Nike Metcon 10 (orange)"}}, {"added": {"name": "product image", "object": "Image de Nike Metcon 10 (orange)"}}, {"added": {"name": "product image", "object": "Image de Nike Metcon 10 (orange)"}}, {"added": {"name": "product variant size", "object": "Nike Metcon 10 - US 6"}}, {"added": {"name": "product variant size", "object": "Nike Metcon 10 - US 7.5"}}, {"added": {"name": "product variant size", "object": "Nike Metcon 10 - US 6.5"}}, {"added": {"name": "product variant size", "object": "Nike Metcon 10 - EU 38"}}]	9	3
54	2025-12-02 04:52:21.828035+00	1	Order #1 by francel - processing	1	[{"added": {}}]	19	3
55	2025-12-02 05:00:11.323456+00	3	2 x Nike Air Max Plus - black and red - 235.00 (Size: Nike Air Max Plus - US 9)	1	[{"added": {}}]	18	3
56	2025-12-24 17:11:02.550514+00	2	Order #2 by root - processing	1	[{"added": {}}]	19	3
57	2025-12-24 17:11:32.814162+00	4	1 x floatride energy 6 shoes - black - 150.00 (Size: Nike Air Max Plus - US 11)	1	[{"added": {}}]	18	3
58	2026-01-07 16:19:20.639264+00	20	Nike Metcon 10 - white - 1.00	2	[{"changed": {"fields": ["Price"]}}]	9	3
59	2026-01-07 16:19:40.94031+00	19	Nike Metcon 10 - orange - 0.50	2	[{"changed": {"fields": ["Price"]}}]	9	3
60	2026-01-07 16:19:59.236947+00	16	2010 - beige - 0.99	2	[{"changed": {"fields": ["Price"]}}]	9	3
61	2026-01-07 16:20:27.473998+00	15	2010 - black - 1.99	2	[{"changed": {"fields": ["Price"]}}]	9	3
62	2026-01-10 03:54:19.34989+00	21	Panier de francel - 2010 - (2)	2	[{"changed": {"fields": ["Checked"]}}]	14	3
63	2026-01-10 03:54:32.689284+00	21	Panier de francel - 2010 - (2)	2	[{"changed": {"fields": ["Checked"]}}]	14	3
64	2026-01-10 03:54:35.965236+00	21	Panier de francel - 2010 - (2)	2	[]	14	3
65	2026-01-10 04:58:05.38768+00	21	Panier de francel - 2010 - (1)	2	[{"changed": {"fields": ["Checked"]}}]	14	3
66	2026-01-10 04:58:44.634628+00	21	Panier de francel - 2010 - (1)	2	[{"changed": {"fields": ["Checked"]}}]	14	3
67	2026-01-10 05:05:37.990243+00	21	Panier de francel - 2010 - (1)	2	[{"changed": {"fields": ["Checked"]}}]	14	3
68	2026-01-10 05:27:28.511679+00	21	Panier de francel - 2010 - (1)	2	[{"changed": {"fields": ["Checked"]}}]	14	3
69	2026-01-17 03:32:56.770057+00	4	Order #4 by francel - pending	3		19	3
70	2026-01-17 03:32:56.770105+00	3	Order #3 by francel - pending	3		19	3
71	2026-01-17 03:32:56.770133+00	2	Order #2 by root - processing	3		19	3
72	2026-01-17 03:32:56.770148+00	1	Order #1 by francel - processing	3		19	3
73	2026-01-21 02:12:12.362405+00	15	Order #15 by francel - processing	2	[{"changed": {"fields": ["Status"]}}]	19	3
74	2026-03-08 20:24:53.015551+00	1	4061 Rue Joliette, Montréal (francel)	1	[{"added": {}}]	20	3
75	2026-03-08 20:26:10.469254+00	1	francel (customer)	2	[{"changed": {"fields": ["First name", "Last name", "Phone number", "Newsletter subscription"]}}]	7	3
76	2026-03-09 00:15:21.950309+00	1	4061 Rue Joliette, Montréal (francel)	2	[]	20	3
\.


--
-- Data for Name: django_content_type; Type: TABLE DATA; Schema: public; Owner: -
--

COPY public.django_content_type (id, app_label, model) FROM stdin;
1	admin	logentry
2	auth	permission
3	auth	group
4	contenttypes	contenttype
5	sessions	session
6	api	category
7	api	user
8	api	product
9	api	productvariant
10	api	productimage
11	api	productvariantsize
12	api	rating
13	api	subcategory
14	api	cart
15	api	wishlist
16	authtoken	token
17	authtoken	tokenproxy
18	api	orderitem
19	api	order
20	api	address
\.


--
-- Data for Name: django_migrations; Type: TABLE DATA; Schema: public; Owner: -
--

COPY public.django_migrations (id, app, name, applied) FROM stdin;
1	contenttypes	0001_initial	2025-08-19 23:50:05.737688+00
2	contenttypes	0002_remove_content_type_name	2025-08-19 23:50:05.755213+00
3	auth	0001_initial	2025-08-19 23:50:05.888894+00
4	auth	0002_alter_permission_name_max_length	2025-08-19 23:50:05.907804+00
5	auth	0003_alter_user_email_max_length	2025-08-19 23:50:05.928076+00
6	auth	0004_alter_user_username_opts	2025-08-19 23:50:05.947555+00
7	auth	0005_alter_user_last_login_null	2025-08-19 23:50:05.966353+00
8	auth	0006_require_contenttypes_0002	2025-08-19 23:50:05.975697+00
9	auth	0007_alter_validators_add_error_messages	2025-08-19 23:50:06.001213+00
10	auth	0008_alter_user_username_max_length	2025-08-19 23:50:06.018056+00
11	auth	0009_alter_user_last_name_max_length	2025-08-19 23:50:06.032925+00
12	auth	0010_alter_group_name_max_length	2025-08-19 23:50:06.048325+00
13	auth	0011_update_proxy_permissions	2025-08-19 23:50:06.061607+00
14	auth	0012_alter_user_first_name_max_length	2025-08-19 23:50:06.074047+00
15	api	0001_initial	2025-08-19 23:50:06.578523+00
16	admin	0001_initial	2025-08-19 23:50:06.679868+00
17	admin	0002_logentry_remove_auto_add	2025-08-19 23:50:06.692953+00
18	admin	0003_logentry_add_action_flag_choices	2025-08-19 23:50:06.715109+00
19	authtoken	0001_initial	2025-08-19 23:50:06.772207+00
20	authtoken	0002_auto_20160226_1747	2025-08-19 23:50:06.829304+00
21	authtoken	0003_tokenproxy	2025-08-19 23:50:06.834544+00
22	authtoken	0004_alter_tokenproxy_options	2025-08-19 23:50:06.843245+00
23	sessions	0001_initial	2025-08-19 23:50:06.896732+00
24	api	0002_category_slug	2025-08-22 02:13:51.471231+00
25	api	0003_alter_category_slug	2025-08-22 02:15:53.331399+00
26	api	0004_order_orderitem	2025-11-22 02:47:14.28128+00
27	api	0005_rename_product_variant_orderitem_variant_and_more	2025-11-22 03:41:00.987658+00
28	api	0006_order_is_paid_order_stripe_payment_intent_id	2026-01-06 13:13:35.363677+00
29	api	0007_cart_checked	2026-01-10 03:51:30.373923+00
30	api	0008_user_phone_number_user_role_address	2026-03-08 20:24:11.727558+00
\.


--
-- Data for Name: django_session; Type: TABLE DATA; Schema: public; Owner: -
--

COPY public.django_session (session_key, session_data, expire_date) FROM stdin;
6dnvm414bdlwuhlqtco1ug9qoll2dqlo	.eJxVjEEOwiAQRe_C2pAZWii4dO8ZyMBMpWpoUtqV8e7apAvd_vfef6lI21ri1mSJE6uzMur0uyXKD6k74DvV26zzXNdlSnpX9EGbvs4sz8vh_h0UauVb-wFTn9HbgBYxQOrQMRvD3I0hQZDRkRhkl60AE2RDPcDACQnEu6zeH87JN-E:1uoW96:mEFBhXUvukrWt0tnRVAF5aUYN_cjtLgkkl2bm1q4Wp4	2025-09-02 23:53:40.293999+00
gqfispsaliht4vw7xqh56xjo85girggh	.eJxVjDsOwjAQBe_iGllO1oE1JT1nsPYnHECOFCcV4u4QKQW0b2bey2Val5LXZnMe1Z0duMPvxiQPqxvQO9Xb5GWqyzyy3xS_0-avk9rzsrt_B4Va-dbRBuwJOKAC2cDCFJm174A6VCQwAU1RUoAoJ0YNQRkhBcRoemT3_gABvDiB:1uyiFL:qYlfIQMpuc8R7mRW6WPp-1zjmeszEsHwwZYNmcSTx5k	2025-10-01 02:50:15.677835+00
eifmyed56bbowz8ssuo5v0uaht37yqya	.eJxVjDsOwjAQBe_iGllO1oE1JT1nsPYnHECOFCcV4u4QKQW0b2bey2Val5LXZnMe1Z0duMPvxiQPqxvQO9Xb5GWqyzyy3xS_0-avk9rzsrt_B4Va-dbRBuwJOKAC2cDCFJm174A6VCQwAU1RUoAoJ0YNQRkhBcRoemT3_gABvDiB:1v0VHX:GGme2hir1EF-vWli2hbuGrsCXEV3tlGCep37AxL6-yI	2025-10-06 01:23:55.451899+00
g8c8wid56bhsl30adgla34g799ibrkf7	.eJxVjDsOwjAQBe_iGllO1oE1JT1nsPYnHECOFCcV4u4QKQW0b2bey2Val5LXZnMe1Z0duMPvxiQPqxvQO9Xb5GWqyzyy3xS_0-avk9rzsrt_B4Va-dbRBuwJOKAC2cDCFJm174A6VCQwAU1RUoAoJ0YNQRkhBcRoemT3_gABvDiB:1vMdlI:vAWDNI8Rhdi6PnJk3G_BvEikWk66BB3XS9beHEf1WCY	2025-12-06 02:54:08.2635+00
85xpomsx3ymnn6s0d9y9itgcjhdlaxpp	.eJxVjDsOwjAQBe_iGllO1oE1JT1nsPYnHECOFCcV4u4QKQW0b2bey2Val5LXZnMe1Z0duMPvxiQPqxvQO9Xb5GWqyzyy3xS_0-avk9rzsrt_B4Va-dbRBuwJOKAC2cDCFJm174A6VCQwAU1RUoAoJ0YNQRkhBcRoemT3_gABvDiB:1vYS8k:8E-ctErtUem5s7425FZTMAi5kfJeUXfo2kgJYfBEcdA	2026-01-07 16:55:10.145958+00
f8k5rqwhyvpa14tphd8y76lmtarf82b0	.eJxVjDsOwjAQBe_iGllO1oE1JT1nsPYnHECOFCcV4u4QKQW0b2bey2Val5LXZnMe1Z0duMPvxiQPqxvQO9Xb5GWqyzyy3xS_0-avk9rzsrt_B4Va-dbRBuwJOKAC2cDCFJm174A6VCQwAU1RUoAoJ0YNQRkhBcRoemT3_gABvDiB:1vdXUU:Nafi-cpOCgw7-5rkYtmyWE2Zy-65peMSzgReYnFY5uk	2026-01-21 17:38:38.794914+00
24z42ncnt39g325drp8wgez4jtf8c9on	.eJxVjDsOwjAQBe_iGllO1oE1JT1nsPYnHECOFCcV4u4QKQW0b2bey2Val5LXZnMe1Z0duMPvxiQPqxvQO9Xb5GWqyzyy3xS_0-avk9rzsrt_B4Va-dbRBuwJOKAC2cDCFJm174A6VCQwAU1RUoAoJ0YNQRkhBcRoemT3_gABvDiB:1veR2W:S9OYAgCPS1Jj0t2HycQzHadnOtl_bSrX2P-j05d_yeI	2026-01-24 04:57:28.058789+00
uf2dw3bur3lf99fezxqxr4m6s42r4rqu	.eJxVjDsOwjAQBe_iGllO1oE1JT1nsPYnHECOFCcV4u4QKQW0b2bey2Val5LXZnMe1Z0duMPvxiQPqxvQO9Xb5GWqyzyy3xS_0-avk9rzsrt_B4Va-dbRBuwJOKAC2cDCFJm174A6VCQwAU1RUoAoJ0YNQRkhBcRoemT3_gABvDiB:1vz4nY:R1wldETXkHN49tyua4063j758qPs432JxxEL5oSCa4s	2026-03-22 03:27:20.400397+00
dd9juqgjsysvoeq2uw17sbbe95cso6bz	.eJxVjDsOwjAQBe_iGllO1oE1JT1nsPYnHECOFCcV4u4QKQW0b2bey2Val5LXZnMe1Z0duMPvxiQPqxvQO9Xb5GWqyzyy3xS_0-avk9rzsrt_B4Va-dbRBuwJOKAC2cDCFJm174A6VCQwAU1RUoAoJ0YNQRkhBcRoemT3_gABvDiB:1wH4NH:i00GYG1oN5kOWpjLFvEwTouv-BgAn55J4XbZ_YoU6ZU	2026-05-10 18:38:35.090325+00
\.


--
-- Name: api_address_id_seq; Type: SEQUENCE SET; Schema: public; Owner: -
--

SELECT pg_catalog.setval('public.api_address_id_seq', 1, true);


--
-- Name: api_cart_id_seq; Type: SEQUENCE SET; Schema: public; Owner: -
--

SELECT pg_catalog.setval('public.api_cart_id_seq', 28, true);


--
-- Name: api_category_id_seq; Type: SEQUENCE SET; Schema: public; Owner: -
--

SELECT pg_catalog.setval('public.api_category_id_seq', 3, true);


--
-- Name: api_order_id_seq; Type: SEQUENCE SET; Schema: public; Owner: -
--

SELECT pg_catalog.setval('public.api_order_id_seq', 39, true);


--
-- Name: api_orderitem_id_seq; Type: SEQUENCE SET; Schema: public; Owner: -
--

SELECT pg_catalog.setval('public.api_orderitem_id_seq', 61, true);


--
-- Name: api_product_id_seq; Type: SEQUENCE SET; Schema: public; Owner: -
--

SELECT pg_catalog.setval('public.api_product_id_seq', 7, true);


--
-- Name: api_productimage_id_seq; Type: SEQUENCE SET; Schema: public; Owner: -
--

SELECT pg_catalog.setval('public.api_productimage_id_seq', 107, true);


--
-- Name: api_productvariant_id_seq; Type: SEQUENCE SET; Schema: public; Owner: -
--

SELECT pg_catalog.setval('public.api_productvariant_id_seq', 20, true);


--
-- Name: api_productvariantsize_id_seq; Type: SEQUENCE SET; Schema: public; Owner: -
--

SELECT pg_catalog.setval('public.api_productvariantsize_id_seq', 115, true);


--
-- Name: api_rating_id_seq; Type: SEQUENCE SET; Schema: public; Owner: -
--

SELECT pg_catalog.setval('public.api_rating_id_seq', 21, true);


--
-- Name: api_subcategory_id_seq; Type: SEQUENCE SET; Schema: public; Owner: -
--

SELECT pg_catalog.setval('public.api_subcategory_id_seq', 5, true);


--
-- Name: api_user_groups_id_seq; Type: SEQUENCE SET; Schema: public; Owner: -
--

SELECT pg_catalog.setval('public.api_user_groups_id_seq', 1, false);


--
-- Name: api_user_id_seq; Type: SEQUENCE SET; Schema: public; Owner: -
--

SELECT pg_catalog.setval('public.api_user_id_seq', 5, true);


--
-- Name: api_user_user_permissions_id_seq; Type: SEQUENCE SET; Schema: public; Owner: -
--

SELECT pg_catalog.setval('public.api_user_user_permissions_id_seq', 1, false);


--
-- Name: api_wishlist_id_seq; Type: SEQUENCE SET; Schema: public; Owner: -
--

SELECT pg_catalog.setval('public.api_wishlist_id_seq', 26, true);


--
-- Name: auth_group_id_seq; Type: SEQUENCE SET; Schema: public; Owner: -
--

SELECT pg_catalog.setval('public.auth_group_id_seq', 1, false);


--
-- Name: auth_group_permissions_id_seq; Type: SEQUENCE SET; Schema: public; Owner: -
--

SELECT pg_catalog.setval('public.auth_group_permissions_id_seq', 1, false);


--
-- Name: auth_permission_id_seq; Type: SEQUENCE SET; Schema: public; Owner: -
--

SELECT pg_catalog.setval('public.auth_permission_id_seq', 80, true);


--
-- Name: django_admin_log_id_seq; Type: SEQUENCE SET; Schema: public; Owner: -
--

SELECT pg_catalog.setval('public.django_admin_log_id_seq', 76, true);


--
-- Name: django_content_type_id_seq; Type: SEQUENCE SET; Schema: public; Owner: -
--

SELECT pg_catalog.setval('public.django_content_type_id_seq', 20, true);


--
-- Name: django_migrations_id_seq; Type: SEQUENCE SET; Schema: public; Owner: -
--

SELECT pg_catalog.setval('public.django_migrations_id_seq', 30, true);


--
-- Name: api_address api_address_pkey; Type: CONSTRAINT; Schema: public; Owner: -
--

ALTER TABLE ONLY public.api_address
    ADD CONSTRAINT api_address_pkey PRIMARY KEY (id);


--
-- Name: api_cart api_cart_pkey; Type: CONSTRAINT; Schema: public; Owner: -
--

ALTER TABLE ONLY public.api_cart
    ADD CONSTRAINT api_cart_pkey PRIMARY KEY (id);


--
-- Name: api_cart api_cart_user_id_variant_id_size_id_9a66c3b9_uniq; Type: CONSTRAINT; Schema: public; Owner: -
--

ALTER TABLE ONLY public.api_cart
    ADD CONSTRAINT api_cart_user_id_variant_id_size_id_9a66c3b9_uniq UNIQUE (user_id, variant_id, size_id);


--
-- Name: api_category api_category_pkey; Type: CONSTRAINT; Schema: public; Owner: -
--

ALTER TABLE ONLY public.api_category
    ADD CONSTRAINT api_category_pkey PRIMARY KEY (id);


--
-- Name: api_category api_category_slug_b6a34ca6_uniq; Type: CONSTRAINT; Schema: public; Owner: -
--

ALTER TABLE ONLY public.api_category
    ADD CONSTRAINT api_category_slug_b6a34ca6_uniq UNIQUE (slug);


--
-- Name: api_order api_order_pkey; Type: CONSTRAINT; Schema: public; Owner: -
--

ALTER TABLE ONLY public.api_order
    ADD CONSTRAINT api_order_pkey PRIMARY KEY (id);


--
-- Name: api_orderitem api_orderitem_pkey; Type: CONSTRAINT; Schema: public; Owner: -
--

ALTER TABLE ONLY public.api_orderitem
    ADD CONSTRAINT api_orderitem_pkey PRIMARY KEY (id);


--
-- Name: api_product api_product_pkey; Type: CONSTRAINT; Schema: public; Owner: -
--

ALTER TABLE ONLY public.api_product
    ADD CONSTRAINT api_product_pkey PRIMARY KEY (id);


--
-- Name: api_productimage api_productimage_pkey; Type: CONSTRAINT; Schema: public; Owner: -
--

ALTER TABLE ONLY public.api_productimage
    ADD CONSTRAINT api_productimage_pkey PRIMARY KEY (id);


--
-- Name: api_productvariant api_productvariant_pkey; Type: CONSTRAINT; Schema: public; Owner: -
--

ALTER TABLE ONLY public.api_productvariant
    ADD CONSTRAINT api_productvariant_pkey PRIMARY KEY (id);


--
-- Name: api_productvariantsize api_productvariantsize_pkey; Type: CONSTRAINT; Schema: public; Owner: -
--

ALTER TABLE ONLY public.api_productvariantsize
    ADD CONSTRAINT api_productvariantsize_pkey PRIMARY KEY (id);


--
-- Name: api_rating api_rating_pkey; Type: CONSTRAINT; Schema: public; Owner: -
--

ALTER TABLE ONLY public.api_rating
    ADD CONSTRAINT api_rating_pkey PRIMARY KEY (id);


--
-- Name: api_subcategory api_subcategory_pkey; Type: CONSTRAINT; Schema: public; Owner: -
--

ALTER TABLE ONLY public.api_subcategory
    ADD CONSTRAINT api_subcategory_pkey PRIMARY KEY (id);


--
-- Name: api_user_groups api_user_groups_pkey; Type: CONSTRAINT; Schema: public; Owner: -
--

ALTER TABLE ONLY public.api_user_groups
    ADD CONSTRAINT api_user_groups_pkey PRIMARY KEY (id);


--
-- Name: api_user_groups api_user_groups_user_id_group_id_9c7ddfb5_uniq; Type: CONSTRAINT; Schema: public; Owner: -
--

ALTER TABLE ONLY public.api_user_groups
    ADD CONSTRAINT api_user_groups_user_id_group_id_9c7ddfb5_uniq UNIQUE (user_id, group_id);


--
-- Name: api_user api_user_pkey; Type: CONSTRAINT; Schema: public; Owner: -
--

ALTER TABLE ONLY public.api_user
    ADD CONSTRAINT api_user_pkey PRIMARY KEY (id);


--
-- Name: api_user_user_permissions api_user_user_permissions_pkey; Type: CONSTRAINT; Schema: public; Owner: -
--

ALTER TABLE ONLY public.api_user_user_permissions
    ADD CONSTRAINT api_user_user_permissions_pkey PRIMARY KEY (id);


--
-- Name: api_user_user_permissions api_user_user_permissions_user_id_permission_id_a06dd704_uniq; Type: CONSTRAINT; Schema: public; Owner: -
--

ALTER TABLE ONLY public.api_user_user_permissions
    ADD CONSTRAINT api_user_user_permissions_user_id_permission_id_a06dd704_uniq UNIQUE (user_id, permission_id);


--
-- Name: api_user api_user_username_key; Type: CONSTRAINT; Schema: public; Owner: -
--

ALTER TABLE ONLY public.api_user
    ADD CONSTRAINT api_user_username_key UNIQUE (username);


--
-- Name: api_wishlist api_wishlist_pkey; Type: CONSTRAINT; Schema: public; Owner: -
--

ALTER TABLE ONLY public.api_wishlist
    ADD CONSTRAINT api_wishlist_pkey PRIMARY KEY (id);


--
-- Name: api_wishlist api_wishlist_user_id_variant_id_size_id_66436b44_uniq; Type: CONSTRAINT; Schema: public; Owner: -
--

ALTER TABLE ONLY public.api_wishlist
    ADD CONSTRAINT api_wishlist_user_id_variant_id_size_id_66436b44_uniq UNIQUE (user_id, variant_id, size_id);


--
-- Name: auth_group auth_group_name_key; Type: CONSTRAINT; Schema: public; Owner: -
--

ALTER TABLE ONLY public.auth_group
    ADD CONSTRAINT auth_group_name_key UNIQUE (name);


--
-- Name: auth_group_permissions auth_group_permissions_group_id_permission_id_0cd325b0_uniq; Type: CONSTRAINT; Schema: public; Owner: -
--

ALTER TABLE ONLY public.auth_group_permissions
    ADD CONSTRAINT auth_group_permissions_group_id_permission_id_0cd325b0_uniq UNIQUE (group_id, permission_id);


--
-- Name: auth_group_permissions auth_group_permissions_pkey; Type: CONSTRAINT; Schema: public; Owner: -
--

ALTER TABLE ONLY public.auth_group_permissions
    ADD CONSTRAINT auth_group_permissions_pkey PRIMARY KEY (id);


--
-- Name: auth_group auth_group_pkey; Type: CONSTRAINT; Schema: public; Owner: -
--

ALTER TABLE ONLY public.auth_group
    ADD CONSTRAINT auth_group_pkey PRIMARY KEY (id);


--
-- Name: auth_permission auth_permission_content_type_id_codename_01ab375a_uniq; Type: CONSTRAINT; Schema: public; Owner: -
--

ALTER TABLE ONLY public.auth_permission
    ADD CONSTRAINT auth_permission_content_type_id_codename_01ab375a_uniq UNIQUE (content_type_id, codename);


--
-- Name: auth_permission auth_permission_pkey; Type: CONSTRAINT; Schema: public; Owner: -
--

ALTER TABLE ONLY public.auth_permission
    ADD CONSTRAINT auth_permission_pkey PRIMARY KEY (id);


--
-- Name: authtoken_token authtoken_token_pkey; Type: CONSTRAINT; Schema: public; Owner: -
--

ALTER TABLE ONLY public.authtoken_token
    ADD CONSTRAINT authtoken_token_pkey PRIMARY KEY (key);


--
-- Name: authtoken_token authtoken_token_user_id_key; Type: CONSTRAINT; Schema: public; Owner: -
--

ALTER TABLE ONLY public.authtoken_token
    ADD CONSTRAINT authtoken_token_user_id_key UNIQUE (user_id);


--
-- Name: django_admin_log django_admin_log_pkey; Type: CONSTRAINT; Schema: public; Owner: -
--

ALTER TABLE ONLY public.django_admin_log
    ADD CONSTRAINT django_admin_log_pkey PRIMARY KEY (id);


--
-- Name: django_content_type django_content_type_app_label_model_76bd3d3b_uniq; Type: CONSTRAINT; Schema: public; Owner: -
--

ALTER TABLE ONLY public.django_content_type
    ADD CONSTRAINT django_content_type_app_label_model_76bd3d3b_uniq UNIQUE (app_label, model);


--
-- Name: django_content_type django_content_type_pkey; Type: CONSTRAINT; Schema: public; Owner: -
--

ALTER TABLE ONLY public.django_content_type
    ADD CONSTRAINT django_content_type_pkey PRIMARY KEY (id);


--
-- Name: django_migrations django_migrations_pkey; Type: CONSTRAINT; Schema: public; Owner: -
--

ALTER TABLE ONLY public.django_migrations
    ADD CONSTRAINT django_migrations_pkey PRIMARY KEY (id);


--
-- Name: django_session django_session_pkey; Type: CONSTRAINT; Schema: public; Owner: -
--

ALTER TABLE ONLY public.django_session
    ADD CONSTRAINT django_session_pkey PRIMARY KEY (session_key);


--
-- Name: api_address_user_id_19458536; Type: INDEX; Schema: public; Owner: -
--

CREATE INDEX api_address_user_id_19458536 ON public.api_address USING btree (user_id);


--
-- Name: api_cart_size_id_6212758e; Type: INDEX; Schema: public; Owner: -
--

CREATE INDEX api_cart_size_id_6212758e ON public.api_cart USING btree (size_id);


--
-- Name: api_cart_user_id_79972181; Type: INDEX; Schema: public; Owner: -
--

CREATE INDEX api_cart_user_id_79972181 ON public.api_cart USING btree (user_id);


--
-- Name: api_cart_variant_id_956bd3ff; Type: INDEX; Schema: public; Owner: -
--

CREATE INDEX api_cart_variant_id_956bd3ff ON public.api_cart USING btree (variant_id);


--
-- Name: api_category_slug_b6a34ca6_like; Type: INDEX; Schema: public; Owner: -
--

CREATE INDEX api_category_slug_b6a34ca6_like ON public.api_category USING btree (slug varchar_pattern_ops);


--
-- Name: api_order_user_id_52781ff0; Type: INDEX; Schema: public; Owner: -
--

CREATE INDEX api_order_user_id_52781ff0 ON public.api_order USING btree (user_id);


--
-- Name: api_orderitem_order_id_f9c0afc0; Type: INDEX; Schema: public; Owner: -
--

CREATE INDEX api_orderitem_order_id_f9c0afc0 ON public.api_orderitem USING btree (order_id);


--
-- Name: api_orderitem_product_variant_id_ed7aeace; Type: INDEX; Schema: public; Owner: -
--

CREATE INDEX api_orderitem_product_variant_id_ed7aeace ON public.api_orderitem USING btree (variant_id);


--
-- Name: api_orderitem_size_id_03be3c04; Type: INDEX; Schema: public; Owner: -
--

CREATE INDEX api_orderitem_size_id_03be3c04 ON public.api_orderitem USING btree (size_id);


--
-- Name: api_product_category_id_a2b9d1e7; Type: INDEX; Schema: public; Owner: -
--

CREATE INDEX api_product_category_id_a2b9d1e7 ON public.api_product USING btree (category_id);


--
-- Name: api_product_subCategory_id_c2cab6db; Type: INDEX; Schema: public; Owner: -
--

CREATE INDEX "api_product_subCategory_id_c2cab6db" ON public.api_product USING btree ("subCategory_id");


--
-- Name: api_productimage_product_id_5020b937; Type: INDEX; Schema: public; Owner: -
--

CREATE INDEX api_productimage_product_id_5020b937 ON public.api_productimage USING btree (product_id);


--
-- Name: api_productimage_variant_id_aaa33023; Type: INDEX; Schema: public; Owner: -
--

CREATE INDEX api_productimage_variant_id_aaa33023 ON public.api_productimage USING btree (variant_id);


--
-- Name: api_productvariant_product_id_bd663ca3; Type: INDEX; Schema: public; Owner: -
--

CREATE INDEX api_productvariant_product_id_bd663ca3 ON public.api_productvariant USING btree (product_id);


--
-- Name: api_productvariantsize_variant_id_0a49df42; Type: INDEX; Schema: public; Owner: -
--

CREATE INDEX api_productvariantsize_variant_id_0a49df42 ON public.api_productvariantsize USING btree (variant_id);


--
-- Name: api_rating_product_id_e1232f19; Type: INDEX; Schema: public; Owner: -
--

CREATE INDEX api_rating_product_id_e1232f19 ON public.api_rating USING btree (product_id);


--
-- Name: api_rating_user_id_3968cfe8; Type: INDEX; Schema: public; Owner: -
--

CREATE INDEX api_rating_user_id_3968cfe8 ON public.api_rating USING btree (user_id);


--
-- Name: api_subcategory_category_id_eaedebf6; Type: INDEX; Schema: public; Owner: -
--

CREATE INDEX api_subcategory_category_id_eaedebf6 ON public.api_subcategory USING btree (category_id);


--
-- Name: api_user_groups_group_id_3af85785; Type: INDEX; Schema: public; Owner: -
--

CREATE INDEX api_user_groups_group_id_3af85785 ON public.api_user_groups USING btree (group_id);


--
-- Name: api_user_groups_user_id_a5ff39fa; Type: INDEX; Schema: public; Owner: -
--

CREATE INDEX api_user_groups_user_id_a5ff39fa ON public.api_user_groups USING btree (user_id);


--
-- Name: api_user_user_permissions_permission_id_305b7fea; Type: INDEX; Schema: public; Owner: -
--

CREATE INDEX api_user_user_permissions_permission_id_305b7fea ON public.api_user_user_permissions USING btree (permission_id);


--
-- Name: api_user_user_permissions_user_id_f3945d65; Type: INDEX; Schema: public; Owner: -
--

CREATE INDEX api_user_user_permissions_user_id_f3945d65 ON public.api_user_user_permissions USING btree (user_id);


--
-- Name: api_user_username_cf4e88d2_like; Type: INDEX; Schema: public; Owner: -
--

CREATE INDEX api_user_username_cf4e88d2_like ON public.api_user USING btree (username varchar_pattern_ops);


--
-- Name: api_wishlist_size_id_5a618ccc; Type: INDEX; Schema: public; Owner: -
--

CREATE INDEX api_wishlist_size_id_5a618ccc ON public.api_wishlist USING btree (size_id);


--
-- Name: api_wishlist_user_id_798e25cf; Type: INDEX; Schema: public; Owner: -
--

CREATE INDEX api_wishlist_user_id_798e25cf ON public.api_wishlist USING btree (user_id);


--
-- Name: api_wishlist_variant_id_70e770a8; Type: INDEX; Schema: public; Owner: -
--

CREATE INDEX api_wishlist_variant_id_70e770a8 ON public.api_wishlist USING btree (variant_id);


--
-- Name: auth_group_name_a6ea08ec_like; Type: INDEX; Schema: public; Owner: -
--

CREATE INDEX auth_group_name_a6ea08ec_like ON public.auth_group USING btree (name varchar_pattern_ops);


--
-- Name: auth_group_permissions_group_id_b120cbf9; Type: INDEX; Schema: public; Owner: -
--

CREATE INDEX auth_group_permissions_group_id_b120cbf9 ON public.auth_group_permissions USING btree (group_id);


--
-- Name: auth_group_permissions_permission_id_84c5c92e; Type: INDEX; Schema: public; Owner: -
--

CREATE INDEX auth_group_permissions_permission_id_84c5c92e ON public.auth_group_permissions USING btree (permission_id);


--
-- Name: auth_permission_content_type_id_2f476e4b; Type: INDEX; Schema: public; Owner: -
--

CREATE INDEX auth_permission_content_type_id_2f476e4b ON public.auth_permission USING btree (content_type_id);


--
-- Name: authtoken_token_key_10f0b77e_like; Type: INDEX; Schema: public; Owner: -
--

CREATE INDEX authtoken_token_key_10f0b77e_like ON public.authtoken_token USING btree (key varchar_pattern_ops);


--
-- Name: django_admin_log_content_type_id_c4bce8eb; Type: INDEX; Schema: public; Owner: -
--

CREATE INDEX django_admin_log_content_type_id_c4bce8eb ON public.django_admin_log USING btree (content_type_id);


--
-- Name: django_admin_log_user_id_c564eba6; Type: INDEX; Schema: public; Owner: -
--

CREATE INDEX django_admin_log_user_id_c564eba6 ON public.django_admin_log USING btree (user_id);


--
-- Name: django_session_expire_date_a5c62663; Type: INDEX; Schema: public; Owner: -
--

CREATE INDEX django_session_expire_date_a5c62663 ON public.django_session USING btree (expire_date);


--
-- Name: django_session_session_key_c0390e0f_like; Type: INDEX; Schema: public; Owner: -
--

CREATE INDEX django_session_session_key_c0390e0f_like ON public.django_session USING btree (session_key varchar_pattern_ops);


--
-- Name: api_address api_address_user_id_19458536_fk_api_user_id; Type: FK CONSTRAINT; Schema: public; Owner: -
--

ALTER TABLE ONLY public.api_address
    ADD CONSTRAINT api_address_user_id_19458536_fk_api_user_id FOREIGN KEY (user_id) REFERENCES public.api_user(id) DEFERRABLE INITIALLY DEFERRED;


--
-- Name: api_cart api_cart_size_id_6212758e_fk_api_productvariantsize_id; Type: FK CONSTRAINT; Schema: public; Owner: -
--

ALTER TABLE ONLY public.api_cart
    ADD CONSTRAINT api_cart_size_id_6212758e_fk_api_productvariantsize_id FOREIGN KEY (size_id) REFERENCES public.api_productvariantsize(id) DEFERRABLE INITIALLY DEFERRED;


--
-- Name: api_cart api_cart_user_id_79972181_fk_api_user_id; Type: FK CONSTRAINT; Schema: public; Owner: -
--

ALTER TABLE ONLY public.api_cart
    ADD CONSTRAINT api_cart_user_id_79972181_fk_api_user_id FOREIGN KEY (user_id) REFERENCES public.api_user(id) DEFERRABLE INITIALLY DEFERRED;


--
-- Name: api_cart api_cart_variant_id_956bd3ff_fk_api_productvariant_id; Type: FK CONSTRAINT; Schema: public; Owner: -
--

ALTER TABLE ONLY public.api_cart
    ADD CONSTRAINT api_cart_variant_id_956bd3ff_fk_api_productvariant_id FOREIGN KEY (variant_id) REFERENCES public.api_productvariant(id) DEFERRABLE INITIALLY DEFERRED;


--
-- Name: api_order api_order_user_id_52781ff0_fk_api_user_id; Type: FK CONSTRAINT; Schema: public; Owner: -
--

ALTER TABLE ONLY public.api_order
    ADD CONSTRAINT api_order_user_id_52781ff0_fk_api_user_id FOREIGN KEY (user_id) REFERENCES public.api_user(id) DEFERRABLE INITIALLY DEFERRED;


--
-- Name: api_orderitem api_orderitem_order_id_f9c0afc0_fk_api_order_id; Type: FK CONSTRAINT; Schema: public; Owner: -
--

ALTER TABLE ONLY public.api_orderitem
    ADD CONSTRAINT api_orderitem_order_id_f9c0afc0_fk_api_order_id FOREIGN KEY (order_id) REFERENCES public.api_order(id) DEFERRABLE INITIALLY DEFERRED;


--
-- Name: api_orderitem api_orderitem_size_id_03be3c04_fk_api_productvariantsize_id; Type: FK CONSTRAINT; Schema: public; Owner: -
--

ALTER TABLE ONLY public.api_orderitem
    ADD CONSTRAINT api_orderitem_size_id_03be3c04_fk_api_productvariantsize_id FOREIGN KEY (size_id) REFERENCES public.api_productvariantsize(id) DEFERRABLE INITIALLY DEFERRED;


--
-- Name: api_orderitem api_orderitem_variant_id_01321100_fk_api_productvariant_id; Type: FK CONSTRAINT; Schema: public; Owner: -
--

ALTER TABLE ONLY public.api_orderitem
    ADD CONSTRAINT api_orderitem_variant_id_01321100_fk_api_productvariant_id FOREIGN KEY (variant_id) REFERENCES public.api_productvariant(id) DEFERRABLE INITIALLY DEFERRED;


--
-- Name: api_product api_product_category_id_a2b9d1e7_fk_api_category_id; Type: FK CONSTRAINT; Schema: public; Owner: -
--

ALTER TABLE ONLY public.api_product
    ADD CONSTRAINT api_product_category_id_a2b9d1e7_fk_api_category_id FOREIGN KEY (category_id) REFERENCES public.api_category(id) DEFERRABLE INITIALLY DEFERRED;


--
-- Name: api_product api_product_subCategory_id_c2cab6db_fk_api_subcategory_id; Type: FK CONSTRAINT; Schema: public; Owner: -
--

ALTER TABLE ONLY public.api_product
    ADD CONSTRAINT "api_product_subCategory_id_c2cab6db_fk_api_subcategory_id" FOREIGN KEY ("subCategory_id") REFERENCES public.api_subcategory(id) DEFERRABLE INITIALLY DEFERRED;


--
-- Name: api_productimage api_productimage_product_id_5020b937_fk_api_product_id; Type: FK CONSTRAINT; Schema: public; Owner: -
--

ALTER TABLE ONLY public.api_productimage
    ADD CONSTRAINT api_productimage_product_id_5020b937_fk_api_product_id FOREIGN KEY (product_id) REFERENCES public.api_product(id) DEFERRABLE INITIALLY DEFERRED;


--
-- Name: api_productimage api_productimage_variant_id_aaa33023_fk_api_productvariant_id; Type: FK CONSTRAINT; Schema: public; Owner: -
--

ALTER TABLE ONLY public.api_productimage
    ADD CONSTRAINT api_productimage_variant_id_aaa33023_fk_api_productvariant_id FOREIGN KEY (variant_id) REFERENCES public.api_productvariant(id) DEFERRABLE INITIALLY DEFERRED;


--
-- Name: api_productvariant api_productvariant_product_id_bd663ca3_fk_api_product_id; Type: FK CONSTRAINT; Schema: public; Owner: -
--

ALTER TABLE ONLY public.api_productvariant
    ADD CONSTRAINT api_productvariant_product_id_bd663ca3_fk_api_product_id FOREIGN KEY (product_id) REFERENCES public.api_product(id) DEFERRABLE INITIALLY DEFERRED;


--
-- Name: api_productvariantsize api_productvariantsi_variant_id_0a49df42_fk_api_produ; Type: FK CONSTRAINT; Schema: public; Owner: -
--

ALTER TABLE ONLY public.api_productvariantsize
    ADD CONSTRAINT api_productvariantsi_variant_id_0a49df42_fk_api_produ FOREIGN KEY (variant_id) REFERENCES public.api_productvariant(id) DEFERRABLE INITIALLY DEFERRED;


--
-- Name: api_rating api_rating_product_id_e1232f19_fk_api_product_id; Type: FK CONSTRAINT; Schema: public; Owner: -
--

ALTER TABLE ONLY public.api_rating
    ADD CONSTRAINT api_rating_product_id_e1232f19_fk_api_product_id FOREIGN KEY (product_id) REFERENCES public.api_product(id) DEFERRABLE INITIALLY DEFERRED;


--
-- Name: api_rating api_rating_user_id_3968cfe8_fk_api_user_id; Type: FK CONSTRAINT; Schema: public; Owner: -
--

ALTER TABLE ONLY public.api_rating
    ADD CONSTRAINT api_rating_user_id_3968cfe8_fk_api_user_id FOREIGN KEY (user_id) REFERENCES public.api_user(id) DEFERRABLE INITIALLY DEFERRED;


--
-- Name: api_subcategory api_subcategory_category_id_eaedebf6_fk_api_category_id; Type: FK CONSTRAINT; Schema: public; Owner: -
--

ALTER TABLE ONLY public.api_subcategory
    ADD CONSTRAINT api_subcategory_category_id_eaedebf6_fk_api_category_id FOREIGN KEY (category_id) REFERENCES public.api_category(id) DEFERRABLE INITIALLY DEFERRED;


--
-- Name: api_user_groups api_user_groups_group_id_3af85785_fk_auth_group_id; Type: FK CONSTRAINT; Schema: public; Owner: -
--

ALTER TABLE ONLY public.api_user_groups
    ADD CONSTRAINT api_user_groups_group_id_3af85785_fk_auth_group_id FOREIGN KEY (group_id) REFERENCES public.auth_group(id) DEFERRABLE INITIALLY DEFERRED;


--
-- Name: api_user_groups api_user_groups_user_id_a5ff39fa_fk_api_user_id; Type: FK CONSTRAINT; Schema: public; Owner: -
--

ALTER TABLE ONLY public.api_user_groups
    ADD CONSTRAINT api_user_groups_user_id_a5ff39fa_fk_api_user_id FOREIGN KEY (user_id) REFERENCES public.api_user(id) DEFERRABLE INITIALLY DEFERRED;


--
-- Name: api_user_user_permissions api_user_user_permis_permission_id_305b7fea_fk_auth_perm; Type: FK CONSTRAINT; Schema: public; Owner: -
--

ALTER TABLE ONLY public.api_user_user_permissions
    ADD CONSTRAINT api_user_user_permis_permission_id_305b7fea_fk_auth_perm FOREIGN KEY (permission_id) REFERENCES public.auth_permission(id) DEFERRABLE INITIALLY DEFERRED;


--
-- Name: api_user_user_permissions api_user_user_permissions_user_id_f3945d65_fk_api_user_id; Type: FK CONSTRAINT; Schema: public; Owner: -
--

ALTER TABLE ONLY public.api_user_user_permissions
    ADD CONSTRAINT api_user_user_permissions_user_id_f3945d65_fk_api_user_id FOREIGN KEY (user_id) REFERENCES public.api_user(id) DEFERRABLE INITIALLY DEFERRED;


--
-- Name: api_wishlist api_wishlist_size_id_5a618ccc_fk_api_productvariantsize_id; Type: FK CONSTRAINT; Schema: public; Owner: -
--

ALTER TABLE ONLY public.api_wishlist
    ADD CONSTRAINT api_wishlist_size_id_5a618ccc_fk_api_productvariantsize_id FOREIGN KEY (size_id) REFERENCES public.api_productvariantsize(id) DEFERRABLE INITIALLY DEFERRED;


--
-- Name: api_wishlist api_wishlist_user_id_798e25cf_fk_api_user_id; Type: FK CONSTRAINT; Schema: public; Owner: -
--

ALTER TABLE ONLY public.api_wishlist
    ADD CONSTRAINT api_wishlist_user_id_798e25cf_fk_api_user_id FOREIGN KEY (user_id) REFERENCES public.api_user(id) DEFERRABLE INITIALLY DEFERRED;


--
-- Name: api_wishlist api_wishlist_variant_id_70e770a8_fk_api_productvariant_id; Type: FK CONSTRAINT; Schema: public; Owner: -
--

ALTER TABLE ONLY public.api_wishlist
    ADD CONSTRAINT api_wishlist_variant_id_70e770a8_fk_api_productvariant_id FOREIGN KEY (variant_id) REFERENCES public.api_productvariant(id) DEFERRABLE INITIALLY DEFERRED;


--
-- Name: auth_group_permissions auth_group_permissio_permission_id_84c5c92e_fk_auth_perm; Type: FK CONSTRAINT; Schema: public; Owner: -
--

ALTER TABLE ONLY public.auth_group_permissions
    ADD CONSTRAINT auth_group_permissio_permission_id_84c5c92e_fk_auth_perm FOREIGN KEY (permission_id) REFERENCES public.auth_permission(id) DEFERRABLE INITIALLY DEFERRED;


--
-- Name: auth_group_permissions auth_group_permissions_group_id_b120cbf9_fk_auth_group_id; Type: FK CONSTRAINT; Schema: public; Owner: -
--

ALTER TABLE ONLY public.auth_group_permissions
    ADD CONSTRAINT auth_group_permissions_group_id_b120cbf9_fk_auth_group_id FOREIGN KEY (group_id) REFERENCES public.auth_group(id) DEFERRABLE INITIALLY DEFERRED;


--
-- Name: auth_permission auth_permission_content_type_id_2f476e4b_fk_django_co; Type: FK CONSTRAINT; Schema: public; Owner: -
--

ALTER TABLE ONLY public.auth_permission
    ADD CONSTRAINT auth_permission_content_type_id_2f476e4b_fk_django_co FOREIGN KEY (content_type_id) REFERENCES public.django_content_type(id) DEFERRABLE INITIALLY DEFERRED;


--
-- Name: authtoken_token authtoken_token_user_id_35299eff_fk_api_user_id; Type: FK CONSTRAINT; Schema: public; Owner: -
--

ALTER TABLE ONLY public.authtoken_token
    ADD CONSTRAINT authtoken_token_user_id_35299eff_fk_api_user_id FOREIGN KEY (user_id) REFERENCES public.api_user(id) DEFERRABLE INITIALLY DEFERRED;


--
-- Name: django_admin_log django_admin_log_content_type_id_c4bce8eb_fk_django_co; Type: FK CONSTRAINT; Schema: public; Owner: -
--

ALTER TABLE ONLY public.django_admin_log
    ADD CONSTRAINT django_admin_log_content_type_id_c4bce8eb_fk_django_co FOREIGN KEY (content_type_id) REFERENCES public.django_content_type(id) DEFERRABLE INITIALLY DEFERRED;


--
-- Name: django_admin_log django_admin_log_user_id_c564eba6_fk_api_user_id; Type: FK CONSTRAINT; Schema: public; Owner: -
--

ALTER TABLE ONLY public.django_admin_log
    ADD CONSTRAINT django_admin_log_user_id_c564eba6_fk_api_user_id FOREIGN KEY (user_id) REFERENCES public.api_user(id) DEFERRABLE INITIALLY DEFERRED;


--
-- PostgreSQL database dump complete
--

\unrestrict 3aegjm0J5UmRTmoX2JBstlkcN9En8pIaYcozNoJrbQaHCx1QuuqbPMZMHFyBq30

